RowNumber,Node name,IP Adress,Risk Scope,Location,Port 21,Port 22 SSH,Telnet Port 23,Port 25,Port 53,Email -110,Port 80,high Risk - Yes =1,,,,
1,server a,62.8.31.255,619,France,0,0,0,0,0,0,0,0,,,,1 = open
2,server b,5.83.95.255,608,Spain,1,0,0,0,0,0,0,0,,,,0 = closed
3,server c,62.8.31.255,502,France,0,0,0,1,0,0,0,0,,,,
4,server d,62.8.31.255,699,France,0,0,0,0,0,0,1,0,,,,
5,server c,62.8.31.255,699,France,1,0,0,1,0,0,1,0,,,,
6,server a,5.83.95.255,850,Spain,0,1,0,0,0,0,0,1,,,,
7,server b,5.83.95.255,645,Spain,0,0,1,0,0,0,0,1,,,,
8,server c,62.8.31.255,822,France,0,0,0,0,1,0,0,1,,,,
9,server d,5.1.95.255 ,376,Germany,0,0,0,0,0,1,0,1,,,,
10,server e,62.8.31.255,684,France,0,1,1,0,1,1,0,1,,,,
11,server a,62.8.31.255,528,France,1,1,1,1,1,1,1,1,,,,
12,server b,62.8.31.255,619,France,0,0,0,0,0,0,0,0,,,,
13,server c,5.83.95.255,608,Spain,1,0,0,0,0,0,0,0,,,,
14,server d,62.8.31.255,502,France,0,0,0,1,0,0,0,0,,,,
15,server e,62.8.31.255,699,France,0,0,0,0,0,0,1,0,,,,
16,server a,5.143.255.212,502,Russia,1,0,0,1,0,0,1,1,,,,
17,server b,62.8.31.255,684,France,0,1,0,0,0,0,0,1,,,,
18,server c,62.8.31.255,619,France,0,0,1,0,0,0,0,1,,,,
19,server d,5.83.95.255,850,Spain,0,0,0,0,1,0,0,1,,,,
20,server e,5.83.95.255,645,Spain,0,0,0,0,0,1,0,1,,,,
21,server a,62.8.31.255,822,France,0,1,1,0,1,1,0,1,,,,
22,server b,5.1.95.255 ,376,Germany,1,1,1,1,1,1,1,1,,,,
23,server c,62.8.31.255,684,France,0,0,0,0,0,0,0,0,,,,
24,server d,62.8.31.255,528,France,1,0,0,0,0,0,0,0,,,,
25,server e,62.8.31.255,619,France,0,0,0,1,0,0,0,0,,,,
26,server a,91.144.191.100,619,Russia,0,0,0,0,0,0,1,0,,,,
27,server b,62.8.31.255,608,France,1,0,0,1,0,0,1,0,,,,
28,server c,62.8.31.255,502,France,0,1,0,0,0,0,0,1,,,,
29,server d,62.8.31.255,699,France,0,0,1,0,0,0,0,1,,,,
30,server e,91.144.191.101,699,Russia,0,0,0,0,1,0,0,1,,,,
31,server a,79.141.15.255,850,France,0,0,0,0,0,1,0,1,,,,
32,server b,5.83.95.255,645,Spain,0,1,1,0,1,1,0,1,,,,
33,server c,5.83.95.255,822,Spain,1,1,1,1,1,1,1,1,,,,
34,server d,79.141.15.255,376,France,0,0,0,0,0,0,0,0,,,,
35,server e,5.83.95.255,684,Spain,1,0,0,0,0,0,0,0,,,,
36,server a,79.141.15.255,528,France,0,0,0,1,0,0,0,0,,,,
37,server b,79.141.15.255,619,France,0,0,0,0,0,0,1,0,,,,
38,server c,91.144.191.101,608,Russia,1,0,0,1,0,0,1,1,,,,
39,server d,79.141.15.255,502,France,0,1,0,0,0,0,0,1,,,,
40,server e,79.141.15.255,699,France,0,0,1,0,0,0,0,1,,,,
41,server a,5.83.95.255,502,Spain,0,0,0,0,1,0,0,1,,,,
42,server b,5.83.95.255,684,Spain,0,0,0,0,0,1,0,1,,,,
43,server c,79.141.15.255,619,France,0,1,1,0,1,1,0,1,,,,
44,server d,5.1.95.255 ,850,Germany,1,1,1,1,1,1,1,1,,,,
45,server e,79.141.15.255,645,France,0,0,0,0,0,0,0,0,,,,
46,server a,109.127.191.100,822,Russia,1,0,0,0,0,0,0,1,,,,
47,server b,79.141.15.255,376,France,0,0,0,1,0,0,0,0,,,,
48,server c,5.83.95.255,684,Spain,0,0,0,0,0,0,1,0,,,,
49,server d,79.141.15.255,502,France,1,0,0,1,0,0,1,0,,,,
50,server e,79.141.15.255,699,France,0,1,0,0,0,0,0,1,,,,
51,server a,79.141.15.255,619,France,0,0,1,0,0,0,0,1,,,,
52,server b,79.141.15.255,608,France,0,0,0,0,1,0,0,1,,,,
53,server c,79.141.15.255,502,France,0,0,0,0,0,1,0,1,,,,
54,server d,5.83.95.255,699,Spain,0,1,1,0,1,1,0,1,,,,
55,server e,5.83.95.255,699,Spain,1,1,1,1,1,1,1,1,,,,
56,server a,79.141.15.255,850,France,0,0,0,0,0,0,0,0,,,,
57,server b,79.141.15.255,645,France,1,0,0,0,0,0,0,0,,,,
58,server c,79.141.15.255,822,France,0,0,0,1,0,0,0,0,,,,
59,server d,5.83.95.255,376,Spain,0,0,0,0,0,0,1,0,,,,
60,server e,92.50.191.100,502,Russia,1,0,0,1,0,0,1,1,,,,
61,server a,79.141.15.255,528,France,0,1,0,0,0,0,0,1,,,,
62,server b,5.1.95.255 ,619,Germany,0,0,1,0,0,0,0,1,,,,
63,server c,79.141.15.255,608,France,0,0,0,0,1,0,0,1,,,,
64,server d,5.83.95.255,502,Spain,0,0,0,0,0,1,0,1,,,,
65,server e,5.83.95.255,699,Spain,0,1,1,0,1,1,0,1,,,,
66,server a,79.141.15.255,502,France,1,1,1,1,1,1,1,1,,,,
67,server b,5.1.95.255 ,684,Germany,0,0,0,0,0,0,0,0,,,,
68,server c,79.141.15.255,619,France,1,0,0,0,0,0,0,0,,,,
69,server d,79.141.15.255,850,France,0,0,0,1,0,0,0,0,,,,
70,server e,79.141.15.255,645,France,0,0,0,0,0,0,1,0,,,,
71,server a,5.83.95.255,822,Spain,1,0,0,1,0,0,1,0,,,,
72,server b,79.141.15.255,376,France,0,1,0,0,0,0,0,1,,,,
73,server c,92.50.191.101,684,Russia,0,0,1,0,0,0,0,1,,,,
74,server d,92.50.191.102,502,Russia,0,0,0,0,1,0,0,1,,,,
75,server e,188.116.191.010,684,Russia,0,0,0,0,0,1,0,1,,,,
76,server a,109.127.191.101,619,Russia,0,1,1,0,1,1,0,1,,,,
77,server b,91.144.191.102,608,Russia,1,1,1,1,1,1,1,1,,,,
78,server c,5.83.95.255,502,Spain,0,0,0,0,0,0,0,0,,,,
79,server d,79.141.15.255,699,France,1,0,0,0,0,0,0,0,,,,
80,server e,79.141.15.255,699,France,0,0,0,1,0,0,0,0,,,,
81,server a,79.141.15.255,850,France,0,0,0,0,0,0,1,0,,,,
82,server b,5.83.95.255,645,Spain,1,0,0,1,0,0,1,0,,,,
83,server c,5.83.95.255,822,Spain,0,1,0,0,0,0,0,1,,,,
84,server d,79.141.15.255,376,France,0,0,1,0,0,0,0,1,,,,
85,server e,5.1.95.255 ,684,Germany,0,0,0,0,1,0,0,1,,,,
86,h,79.141.15.255,528,France,0,0,0,0,0,1,0,1,,,,
87,e,79.141.15.255,619,France,0,1,1,0,1,1,0,1,,,,
88,d,5.83.95.255,608,Spain,1,1,1,1,1,1,1,1,,,,
89,e,79.141.15.255,502,France,0,0,0,0,0,0,0,0,,,,
90,f,79.141.15.255,699,France,1,0,0,0,0,0,0,0,,,,
91,h,79.141.15.255,502,France,0,0,0,1,0,0,0,0,,,,
92,i,5.83.95.255,684,Spain,0,0,0,0,0,0,1,0,,,,
93,a,5.83.95.255,619,Spain,1,0,0,1,0,0,1,0,,,,
94,b,188.116.191.012,850,Russia,0,1,0,0,0,0,0,1,,,,
95,c,5.1.95.255 ,645,Germany,0,0,1,0,0,0,0,1,,,,
96,d,79.141.15.255,822,France,0,0,0,0,1,0,0,1,,,,
97,c,79.141.15.255,376,France,0,0,0,0,0,1,0,1,,,,
98,h,79.141.15.255,684,France,0,1,1,0,1,1,0,1,,,,
99,a,5.83.95.255,608,Spain,1,1,1,1,1,1,1,1,,,,
100,e,79.141.15.255,502,France,0,0,0,0,0,0,0,0,,,,
101,d,79.141.15.255,699,France,1,0,0,0,0,0,0,0,,,,
102,c,79.141.15.255,502,France,0,0,0,1,0,0,0,0,,,,
103,d,79.141.15.255,684,France,0,0,0,0,0,0,1,0,,,,
104,d,92.50.191.103,619,Russia,1,0,0,1,0,0,1,1,,,,
105,e,188.116.191.013,619,Russia,0,1,0,0,0,0,0,1,,,,
106,d,92.50.191.104,608,Russia,0,0,1,0,0,0,0,1,,,,
107,e,91.144.191.103,502,Russia,0,0,0,0,1,0,0,1,,,,
108,f,188.116.191.014,699,Russia,0,0,0,0,0,1,0,1,,,,
109,h,80.251.96.0,699,France,0,1,1,0,1,1,0,1,,,,
110,a,80.251.96.0,850,France,1,1,1,1,1,1,1,1,,,,
111,b,80.251.96.0,645,France,0,0,0,0,0,0,0,0,,,,
112,c,5.83.95.255,822,Spain,1,0,0,0,0,0,0,0,,,,
113,d,80.251.96.0,376,France,0,0,0,1,0,0,0,0,,,,
114,d,80.251.96.0,684,France,0,0,0,0,0,0,1,0,,,,
115,e,80.251.96.0,528,France,1,0,0,1,0,0,1,0,,,,
116,d,80.251.96.0,619,France,0,1,0,0,0,0,0,1,,,,
117,e,80.251.96.0,608,France,0,0,1,0,0,0,0,1,,,,
118,f,5.83.95.255,502,Spain,0,0,0,0,1,0,0,1,,,,
119,h,5.83.95.255,699,Spain,0,0,0,0,0,1,0,1,,,,
120,i,80.251.96.0,502,France,0,1,1,0,1,1,0,1,,,,
121,a,5.83.95.255,684,Spain,1,1,1,1,1,1,1,1,,,,
122,b,80.251.96.0,619,France,0,0,0,0,0,0,0,0,,,,
123,c,80.251.96.0,850,France,1,0,0,0,0,0,0,0,,,,
124,d,91.144.191.104,645,Russia,0,0,0,1,0,0,0,1,,,,
125,c,91.144.191.105,822,Russia,0,0,0,0,0,0,1,0,,,,
126,h,109.127.191.102,376,Russia,1,0,0,1,0,0,1,1,,,,
127,a,188.116.191.015,684,Russia,0,1,0,0,0,0,0,1,,,,
128,e,5.83.95.255,645,Spain,0,0,1,0,0,0,0,1,,,,
129,d,80.251.96.0,822,France,0,0,0,0,1,0,0,1,,,,
130,e,5.1.95.255 ,376,Germany,0,0,0,0,0,1,0,1,,,,
131,f,80.251.96.0,684,France,0,1,1,0,1,1,0,1,,,,
132,h,80.251.96.0,528,France,1,1,1,1,1,1,1,1,,,,
133,i,80.251.96.0,619,France,0,0,0,0,0,0,0,0,,,,
134,a,5.83.95.255,619,Spain,1,0,0,0,0,0,0,0,,,,
135,b,80.251.96.0,608,France,0,0,0,1,0,0,0,0,,,,
136,c,80.251.96.0,502,France,0,0,0,0,0,0,1,0,,,,
137,d,80.251.96.0,699,France,1,0,0,1,0,0,1,0,,,,
138,c,80.251.96.0,699,France,0,1,0,0,0,0,0,1,,,,
139,h,92.50.191.105,850,Russia,0,0,1,0,0,0,0,1,,,,
140,a,5.83.95.255,645,Spain,0,0,0,0,1,0,0,1,,,,
141,e,5.83.95.255,822,Spain,0,0,0,0,0,1,0,1,,,,
142,d,91.144.191.106,376,Russia,0,1,1,0,1,1,0,1,,,,
143,d,92.50.191.106,684,Russia,1,1,1,1,1,1,1,1,,,,
144,d,80.251.96.0,528,France,0,0,0,0,0,0,0,0,,,,
145,b,5.83.95.255,619,Spain,1,0,0,0,0,0,0,0,,,,
146,c,5.83.95.255,608,Spain,0,0,0,1,0,0,0,0,,,,
147,d,80.251.96.0,502,France,0,0,0,0,0,0,1,0,,,,
148,c,91.144.191.107,699,Russia,1,0,0,1,0,0,1,1,,,,
149,h,80.251.96.0,502,France,0,1,0,0,0,0,0,1,,,,
150,a,5.83.95.255,684,Spain,0,0,1,0,0,0,0,1,,,,
151,e,5.83.95.255,619,Spain,0,0,0,0,1,0,0,1,,,,
152,d,80.251.96.0,850,France,0,0,0,0,0,1,0,1,,,,
153,d,5.1.95.255 ,645,Germany,0,1,1,0,1,1,0,1,,,,
154,d,80.251.96.0,822,France,1,1,1,1,1,1,1,1,,,,
155,e,80.251.96.0,376,France,0,0,0,0,0,0,0,0,,,,
156,d,80.251.96.0,684,France,1,0,0,0,0,0,0,0,,,,
157,e,5.83.95.255,608,Spain,0,0,0,1,0,0,0,0,,,,
158,c,80.251.96.0,502,France,0,0,0,0,0,0,1,0,,,,
159,d,80.251.96.0,699,France,1,0,0,1,0,0,1,0,,,,
160,c,80.251.96.0,619,France,0,1,0,0,0,0,0,1,,,,
161,a,80.251.96.0,608,France,0,0,1,0,0,0,0,1,,,,
162,e,91.144.191.108,502,Russia,0,0,0,0,1,0,0,1,,,,
163,d,109.127.191.103,699,Russia,0,0,0,0,0,1,0,1,,,,
164,e,91.144.191.109,699,Russia,0,1,1,0,1,1,0,1,,,,
165,f,91.144.191.110,850,Russia,1,1,1,1,1,1,1,1,,,,
166,h,92.50.191.107,645,Russia,0,0,0,0,0,0,0,1,,,,
167,i,91.144.191.111,822,Russia,1,0,0,0,0,0,0,1,,,,
168,a,188.116.191.016,376,Russia,0,0,0,1,0,0,0,1,,,,
169,b,5.83.95.255,684,Spain,0,0,0,0,0,0,1,0,,,,
170,c,80.251.96.0,528,France,1,0,0,1,0,0,1,0,,,,
171,d,5.1.95.255 ,619,Germany,0,1,0,0,0,0,0,1,,,,
172,c,80.251.96.0,608,France,0,0,1,0,0,0,0,1,,,,
173,h,5.83.95.255,502,Spain,0,0,0,0,1,0,0,1,,,,
174,a,80.251.96.0,699,France,0,0,0,0,0,1,0,1,,,,
175,e,80.251.96.0,502,France,0,1,1,0,1,1,0,1,,,,
176,d,80.251.96.0,684,France,1,1,1,1,1,1,1,1,,,,
177,d,80.251.96.0,619,France,0,0,0,0,0,0,0,0,,,,
178,d,80.251.96.0,850,France,1,0,0,0,0,0,0,0,,,,
179,b,5.83.95.255,645,Spain,0,0,0,1,0,0,0,0,,,,
180,c,188.116.191.017,822,Russia,0,0,0,0,0,0,1,0,,,,
181,d,92.50.191.108,376,Russia,1,0,0,1,0,0,1,1,,,,
182,c,188.116.191.018,684,Russia,0,1,0,0,0,0,0,1,,,,
183,h,188.116.191.019,684,Russia,0,0,1,0,0,0,0,1,,,,
184,a,92.50.191.109,528,Russia,0,0,0,0,1,0,0,1,,,,
185,e,80.251.96.0,619,France,0,0,0,0,0,1,0,1,,,,
186,d,5.83.95.255,608,Spain,0,1,1,0,1,1,0,1,,,,
187,d,80.251.96.0,502,France,1,1,1,1,1,1,1,1,,,,
188,d,80.251.96.0,699,France,0,0,0,0,0,0,0,0,,,,
189,e,80.251.96.0,502,France,1,0,0,0,0,0,0,0,,,,
190,d,80.251.96.0,619,France,0,0,0,1,0,0,0,0,,,,
191,e,80.251.96.0,608,France,0,0,0,0,0,0,1,0,,,,
192,c,5.83.95.255,502,Spain,1,0,0,1,0,0,1,0,,,,
193,d,5.83.95.255,699,Spain,0,1,0,0,0,0,0,1,,,,
194,c,80.251.96.0,699,France,0,0,1,0,0,0,0,1,,,,
195,a,80.251.96.0,850,France,0,0,0,0,1,0,0,1,,,,
196,e,80.251.96.0,645,France,0,0,0,0,0,1,0,1,,,,
197,d,5.83.95.255,822,Spain,0,1,1,0,1,1,0,1,,,,
198,e,5.83.95.255,376,Spain,1,1,1,1,1,1,1,1,,,,
199,f,80.251.96.0,684,France,0,0,0,0,0,0,0,0,,,,
200,h,5.1.95.255 ,528,Germany,1,0,0,0,0,0,0,0,,,,
201,i,80.251.96.0,619,France,0,0,0,1,0,0,0,0,,,,
202,a,5.83.95.255,608,Spain,0,0,0,0,0,0,1,0,,,,
203,b,5.83.95.255,502,Spain,1,0,0,1,0,0,1,0,,,,
204,c,80.251.96.0,699,France,0,1,0,0,0,0,0,1,,,,
205,d,5.1.95.255 ,502,Germany,0,0,1,0,0,0,0,1,,,,
206,c,80.251.96.0,684,France,0,0,0,0,1,0,0,1,,,,
207,h,80.251.96.0,619,France,0,0,0,0,0,1,0,1,,,,
208,a,80.251.96.0,850,France,0,1,1,0,1,1,0,1,,,,
209,e,5.83.95.255,645,Spain,1,1,1,1,1,1,1,1,,,,
210,d,80.251.96.0,822,France,0,0,0,0,0,0,0,0,,,,
211,d,80.251.96.0,376,France,1,0,0,0,0,0,0,0,,,,
212,d,80.251.96.0,684,France,0,0,0,1,0,0,0,0,,,,
213,b,80.251.96.0,684,France,0,0,0,0,0,0,1,0,,,,
214,c,80.251.96.0,619,France,1,0,0,1,0,0,1,0,,,,
215,d,5.83.95.255,850,Spain,0,1,0,0,0,0,0,1,,,,
216,c,5.83.95.255,645,Spain,0,0,1,0,0,0,0,1,,,,
217,h,80.251.96.0,619,France,0,0,0,0,1,0,0,1,,,,
218,a,80.251.96.0,608,France,0,0,0,0,0,1,0,1,,,,
219,e,5.83.95.255,502,Spain,0,1,1,0,1,1,0,1,,,,
220,d,80.251.96.0,699,France,1,1,1,1,1,1,1,1,,,,
221,d,80.251.96.0,699,France,0,0,0,0,0,0,0,0,,,,
222,d,80.251.96.0,850,France,1,0,0,0,0,0,0,0,,,,
223,e,80.251.96.0,645,France,0,0,0,1,0,0,0,0,,,,
224,d,80.251.96.0,822,France,0,0,0,0,0,0,1,0,,,,
225,e,5.83.95.255,376,Spain,1,0,0,1,0,0,1,0,,,,
226,c,5.83.95.255,684,Spain,0,1,0,0,0,0,0,1,,,,
227,e,80.251.96.0,528,France,0,0,1,0,0,0,0,1,,,,
228,f,5.1.95.255 ,619,Germany,0,0,0,0,1,0,0,1,,,,
229,h,80.251.96.0,608,France,0,0,0,0,0,1,0,1,,,,
230,i,80.251.96.0,502,France,0,1,1,0,1,1,0,1,,,,
231,a,80.251.96.0,699,France,1,1,1,1,1,1,1,1,,,,
232,b,5.83.95.255,502,Spain,0,0,0,0,0,0,0,0,,,,
233,c,80.251.96.0,684,France,1,0,0,0,0,0,0,0,,,,
234,d,80.251.96.0,619,France,0,0,0,1,0,0,0,0,,,,
235,a,80.251.96.0,850,France,0,0,0,0,0,0,1,0,,,,
236,e,80.251.96.0,645,France,1,0,0,1,0,0,1,0,,,,
237,d,80.251.96.0,822,France,0,1,0,0,0,0,0,1,,,,
238,e,5.83.95.255,376,Spain,0,0,1,0,0,0,0,1,,,,
239,f,5.83.95.255,684,Spain,0,0,0,0,1,0,0,1,,,,
240,h,80.251.96.0,528,France,0,0,0,0,0,1,0,1,,,,
241,i,80.251.96.0,619,France,0,1,1,0,1,1,0,1,,,,
242,a,80.251.96.0,619,France,1,1,1,1,1,1,1,1,,,,
243,b,5.83.95.255,608,Spain,0,0,0,0,0,0,0,0,,,,
244,c,5.83.95.255,502,Spain,1,0,0,0,0,0,0,0,,,,
245,d,80.251.96.0,699,France,0,0,0,1,0,0,0,0,,,,
246,c,5.1.95.255 ,699,Germany,0,0,0,0,0,0,1,0,,,,
247,h,80.251.96.0,850,France,1,0,0,1,0,0,1,0,,,,
248,a,5.83.95.255,645,Spain,0,1,0,0,0,0,0,1,,,,
249,e,5.83.95.255,822,Spain,0,0,1,0,0,0,0,1,,,,
250,d,80.251.96.0,376,France,0,0,0,0,1,0,0,1,,,,
251,d,5.1.95.255 ,684,Germany,0,0,0,0,0,1,0,1,,,,
252,d,80.251.96.0,528,France,0,1,1,0,1,1,0,1,,,,
253,b,80.251.96.0,619,France,1,1,1,1,1,1,1,1,,,,
254,c,80.251.96.0,608,France,0,0,0,0,0,0,0,0,,,,
255,d,5.83.95.255,502,Spain,1,0,0,0,0,0,0,0,,,,
256,c,80.251.96.0,699,France,0,0,0,1,0,0,0,0,,,,
257,h,80.251.96.0,502,France,0,0,0,0,0,0,1,0,,,,
258,a,80.251.96.0,684,France,1,0,0,1,0,0,1,0,,,,
259,e,80.251.96.0,619,France,0,1,0,0,0,0,0,1,,,,
260,d,80.251.96.0,850,France,0,0,1,0,0,0,0,1,,,,
261,d,5.83.95.255,645,Spain,0,0,0,0,1,0,0,1,,,,
262,d,5.83.95.255,822,Spain,0,0,0,0,0,1,0,1,,,,
263,e,80.251.96.0,376,France,0,1,1,0,1,1,0,1,,,,
264,d,80.251.96.0,684,France,1,1,1,1,1,1,1,1,,,,
265,e,5.83.95.255,502,Spain,0,0,0,0,0,0,0,0,,,,
266,c,80.251.96.0,699,France,1,0,0,0,0,0,0,0,,,,
267,d,80.251.96.0,619,France,0,0,0,1,0,0,0,0,,,,
268,d,80.251.96.0,608,France,0,0,0,0,0,0,1,0,,,,
269,a,5.83.95.255,502,Spain,1,0,0,1,0,0,1,0,,,,
270,e,5.83.95.255,699,Spain,0,1,0,0,0,0,0,1,,,,
271,d,80.251.96.0,699,France,0,0,1,0,0,0,0,1,,,,
272,e,5.1.95.255 ,850,Germany,0,0,0,0,1,0,0,1,,,,
273,f,80.251.96.0,645,France,0,0,0,0,0,1,0,1,,,,
274,h,5.83.95.255,822,Spain,0,1,1,0,1,1,0,1,,,,
275,i,80.251.96.0,376,France,1,1,1,1,1,1,1,1,,,,
276,a,80.251.96.0,684,France,0,0,0,0,0,0,0,0,,,,
277,b,80.251.96.0,528,France,1,0,0,0,0,0,0,0,,,,
278,c,80.251.96.0,619,France,0,0,0,1,0,0,0,0,,,,
279,d,80.251.96.0,608,France,0,0,0,0,0,0,1,0,,,,
280,c,5.83.95.255,502,Spain,1,0,0,1,0,0,1,0,,,,
281,h,5.83.95.255,699,Spain,0,1,0,0,0,0,0,1,,,,
282,a,80.251.96.0,502,France,0,0,1,0,0,0,0,1,,,,
283,e,5.1.95.255 ,684,Germany,0,0,0,0,1,0,0,1,,,,
284,d,80.251.96.0,619,France,0,0,0,0,0,1,0,1,,,,
285,d,80.251.96.0,850,France,0,1,1,0,1,1,0,1,,,,
286,d,80.251.96.0,645,France,1,1,1,1,1,1,1,1,,,,
287,b,5.83.95.255,822,Spain,0,0,0,0,0,0,0,0,,,,
288,c,80.251.96.0,376,France,1,0,0,0,0,0,0,0,,,,
289,d,80.251.96.0,684,France,0,0,0,1,0,0,0,0,,,,
290,c,80.251.96.0,502,France,0,0,0,0,0,0,1,0,,,,
291,h,80.251.96.0,684,France,1,0,0,1,0,0,1,0,,,,
292,a,80.251.96.0,619,France,0,1,0,0,0,0,0,1,,,,
293,e,5.83.95.255,608,Spain,0,0,1,0,0,0,0,1,,,,
294,d,5.83.95.255,502,Spain,0,0,0,0,1,0,0,1,,,,
295,d,80.251.96.0,699,France,0,0,0,0,0,1,0,1,,,,
296,d,80.251.96.0,699,France,0,1,1,0,1,1,0,1,,,,
297,e,80.251.96.0,850,France,1,1,1,1,1,1,1,1,,,,
298,d,5.83.95.255,645,Spain,0,0,0,0,0,0,0,0,,,,
299,e,80.251.96.0,822,France,1,0,0,0,0,0,0,0,,,,
300,c,80.251.96.0,376,France,0,0,0,1,0,0,0,0,,,,
301,d,80.251.96.0,684,France,0,0,0,0,0,0,1,0,,,,
302,e,5.83.95.255,528,Spain,1,0,0,1,0,0,1,0,,,,
303,d,5.83.95.255,619,Spain,0,1,0,0,0,0,0,1,,,,
304,a,80.251.96.0,608,France,0,0,1,0,0,0,0,1,,,,
305,e,5.1.95.255 ,502,Germany,0,0,0,0,1,0,0,1,,,,
306,d,80.251.96.0,699,France,0,0,0,0,0,1,0,1,,,,
307,e,80.251.96.0,502,France,0,1,1,0,1,1,0,1,,,,
308,f,80.251.96.0,684,France,1,1,1,1,1,1,1,1,,,,
309,h,5.83.95.255,619,Spain,0,0,0,0,0,0,0,0,,,,
310,i,80.251.96.0,850,France,1,0,0,0,0,0,0,0,,,,
311,a,80.251.96.0,645,France,0,0,0,1,0,0,0,0,,,,
312,b,80.251.96.0,822,France,0,0,0,0,0,0,1,0,,,,
313,c,80.251.96.0,376,France,1,0,0,1,0,0,1,0,,,,
314,d,80.251.96.0,684,France,0,1,0,0,0,0,0,1,,,,
315,c,5.83.95.255,608,Spain,0,0,1,0,0,0,0,1,,,,
316,h,5.83.95.255,502,Spain,0,0,0,0,1,0,0,1,,,,
317,a,80.251.96.0,699,France,0,0,0,0,0,1,0,1,,,,
318,e,5.1.95.255 ,502,Germany,0,1,1,0,1,1,0,1,,,,
319,d,80.251.96.0,684,France,1,1,1,1,1,1,1,1,,,,
320,d,80.251.96.0,619,France,0,0,0,0,0,0,0,0,,,,
321,d,80.251.96.0,619,France,1,0,0,0,0,0,0,0,,,,
322,b,5.83.95.255,608,Spain,0,0,0,1,0,0,0,0,,,,
323,c,80.251.96.0,502,France,0,0,0,0,0,0,1,0,,,,
324,d,80.251.96.0,699,France,1,0,0,1,0,0,1,0,,,,
325,c,80.251.96.0,699,France,0,1,0,0,0,0,0,1,,,,
326,h,80.251.96.0,850,France,0,0,1,0,0,0,0,1,,,,
327,a,80.251.96.0,645,France,0,0,0,0,1,0,0,1,,,,
328,e,5.83.95.255,822,Spain,0,0,0,0,0,1,0,1,,,,
329,d,5.83.95.255,376,Spain,0,1,1,0,1,1,0,1,,,,
330,d,80.251.96.0,684,France,1,1,1,1,1,1,1,1,,,,
331,d,5.83.95.255,528,Spain,0,0,0,0,0,0,0,0,,,,
332,e,80.251.96.0,619,France,1,0,0,0,0,0,0,0,,,,
333,d,80.251.96.0,608,France,0,0,0,1,0,0,0,0,,,,
334,e,80.251.96.0,502,France,0,0,0,0,0,0,1,0,,,,
335,c,80.251.96.0,699,France,1,0,0,1,0,0,1,0,,,,
336,a,80.251.96.0,502,France,0,1,0,0,0,0,0,1,,,,
337,e,5.83.95.255,684,Spain,0,0,1,0,0,0,0,1,,,,
338,d,5.83.95.255,619,Spain,0,0,0,0,1,0,0,1,,,,
339,e,80.251.96.0,850,France,0,0,0,0,0,1,0,1,,,,
340,a,5.1.95.255 ,645,Germany,0,1,1,0,1,1,0,1,,,,
341,e,80.251.96.0,822,France,1,1,1,1,1,1,1,1,,,,
342,d,80.251.96.0,376,France,0,0,0,0,0,0,0,0,,,,
343,e,80.251.96.0,684,France,1,0,0,0,0,0,0,0,,,,
344,f,5.83.95.255,645,Spain,0,0,0,1,0,0,0,0,,,,
345,h,80.251.96.0,822,France,0,0,0,0,0,0,1,0,,,,
346,i,80.251.96.0,376,France,1,0,0,1,0,0,1,0,,,,
347,a,80.251.96.0,684,France,0,1,0,0,0,0,0,1,,,,
348,b,80.251.96.0,528,France,0,0,1,0,0,0,0,1,,,,
349,c,80.251.96.0,619,France,0,0,0,0,1,0,0,1,,,,
350,d,5.83.95.255,619,Spain,0,0,0,0,0,1,0,1,,,,
351,c,5.83.95.255,608,Spain,0,1,1,0,1,1,0,1,,,,
352,h,80.251.96.0,502,France,1,1,1,1,1,1,1,1,,,,
353,a,80.251.96.0,699,France,0,0,0,0,0,0,0,0,,,,
354,e,80.251.96.0,699,France,1,0,0,0,0,0,0,0,,,,
355,d,5.83.95.255,850,Spain,0,0,0,1,0,0,0,0,,,,
356,d,5.83.95.255,645,Spain,0,0,0,0,0,0,1,0,,,,
357,d,80.251.96.0,822,France,1,0,0,1,0,0,1,0,,,,
358,b,5.1.95.255 ,376,Germany,0,1,0,0,0,0,0,1,,,,
359,c,80.251.96.0,684,France,0,0,1,0,0,0,0,1,,,,
360,d,5.83.95.255,528,Spain,0,0,0,0,1,0,0,1,,,,
361,c,5.83.95.255,619,Spain,0,0,0,0,0,1,0,1,,,,
362,h,80.251.96.0,608,France,0,1,1,0,1,1,0,1,,,,
363,a,5.1.95.255 ,502,Germany,1,1,1,1,1,1,1,1,,,,
364,e,80.251.96.0,699,France,0,0,0,0,0,0,0,0,,,,
365,d,80.251.96.0,502,France,1,0,0,0,0,0,0,0,,,,
366,d,80.251.96.0,684,France,0,0,0,1,0,0,0,0,,,,
367,d,5.83.95.255,619,Spain,0,0,0,0,0,0,1,0,,,,
368,e,80.251.96.0,850,France,1,0,0,1,0,0,1,0,,,,
369,d,80.251.96.0,645,France,0,1,0,0,0,0,0,1,,,,
370,e,80.251.96.0,822,France,0,0,1,0,0,0,0,1,,,,
371,c,80.251.96.0,376,France,0,0,0,0,1,0,0,1,,,,
372,a,80.251.96.0,684,France,0,0,0,0,0,1,0,1,,,,
373,a,5.83.95.255,608,Spain,0,1,1,0,1,1,0,1,,,,
374,e,5.83.95.255,502,Spain,1,1,1,1,1,1,1,1,,,,
375,d,80.251.96.0,699,France,0,0,0,0,0,0,0,0,,,,
376,e,80.251.96.0,619,France,1,0,0,0,0,0,0,0,,,,
377,f,80.251.96.0,608,France,0,0,0,1,0,0,0,0,,,,
378,h,5.83.95.255,502,Spain,0,0,0,0,0,0,1,0,,,,
379,i,5.83.95.255,699,Spain,1,0,0,1,0,0,1,0,,,,
380,a,80.251.96.0,699,France,0,1,0,0,0,0,0,1,,,,
381,b,5.1.95.255 ,850,Germany,0,0,1,0,0,0,0,1,,,,
382,c,80.251.96.0,645,France,0,0,0,0,1,0,0,1,,,,
383,d,80.251.96.0,822,France,0,0,0,0,0,1,0,1,,,,
384,c,5.83.95.255,376,Spain,0,1,1,0,1,1,0,1,,,,
385,h,80.251.96.0,684,France,1,1,1,1,1,1,1,1,,,,
386,a,80.251.96.0,528,France,0,0,0,0,0,0,0,0,,,,
387,e,80.251.96.0,619,France,1,0,0,0,0,0,0,0,,,,
388,d,5.83.95.255,608,Spain,0,0,0,1,0,0,0,0,,,,
389,d,5.83.95.255,502,Spain,0,0,0,0,0,0,1,0,,,,
390,d,80.251.96.0,699,France,1,0,0,1,0,0,1,0,,,,
391,b,5.1.95.255 ,502,Germany,0,1,0,0,0,0,0,1,,,,
392,c,46.20.175.255,684,France,0,0,1,0,0,0,0,1,,,,
393,d,46.20.175.255,619,France,0,0,0,0,1,0,0,1,,,,
394,c,46.20.175.255,850,France,0,0,0,0,0,1,0,1,,,,
395,h,5.83.95.255,645,Spain,0,1,1,0,1,1,0,1,,,,
396,a,46.20.175.255,822,France,1,1,1,1,1,1,1,1,,,,
397,e,46.20.175.255,376,France,0,0,0,0,0,0,0,0,,,,
398,d,46.20.175.255,684,France,1,0,0,0,0,0,0,0,,,,
399,d,46.20.175.255,684,France,0,0,0,1,0,0,0,0,,,,
400,d,46.20.175.255,528,France,0,0,0,0,0,0,1,0,,,,
401,e,5.83.95.255,619,Spain,1,0,0,1,0,0,1,0,,,,
402,d,5.83.95.255,608,Spain,0,1,0,0,0,0,0,1,,,,
403,e,46.20.175.255,502,France,0,0,1,0,0,0,0,1,,,,
404,c,5.1.95.255 ,699,Germany,0,0,0,0,1,0,0,1,,,,
405,h,46.20.175.255,502,France,0,0,0,0,0,1,0,1,,,,
406,i,46.20.175.255,619,France,0,1,1,0,1,1,0,1,,,,
407,a,46.20.175.255,608,France,1,1,1,1,1,1,1,1,,,,
408,b,5.83.95.255,502,Spain,0,0,0,0,0,0,0,0,,,,
409,c,46.20.175.255,699,France,1,0,0,0,0,0,0,0,,,,
410,d,46.20.175.255,699,France,0,0,0,1,0,0,0,0,,,,
411,c,62.8.31.255,850,France,0,0,0,0,0,0,1,0,,,,
412,a,62.8.31.255,645,France,1,0,0,1,0,0,1,0,,,,
413,e,62.8.31.255,822,France,0,1,0,0,0,0,0,1,,,,
414,d,5.83.95.255,376,Spain,0,0,1,0,0,0,0,1,,,,
415,e,5.83.95.255,684,Spain,0,0,0,0,1,0,0,1,,,,
416,f,62.8.31.255,528,France,0,0,0,0,0,1,0,1,,,,
417,h,5.83.95.255,619,Spain,0,1,1,0,1,1,0,1,,,,
418,i,62.8.31.255,608,France,1,1,1,1,1,1,1,1,,,,
419,a,62.8.31.255,502,France,0,0,0,0,0,0,0,0,,,,
420,b,62.8.31.255,699,France,1,0,0,0,0,0,0,0,,,,
421,c,62.8.31.255,502,France,0,0,0,1,0,0,0,0,,,,
422,d,62.8.31.255,684,France,0,0,0,0,0,0,1,0,,,,
423,c,5.83.95.255,619,Spain,1,0,0,1,0,0,1,0,,,,
424,h,5.83.95.255,850,Spain,0,1,0,0,0,0,0,1,,,,
425,a,62.8.31.255,645,France,0,0,1,0,0,0,0,1,,,,
426,e,5.1.95.255 ,822,Germany,0,0,0,0,1,0,0,1,,,,
427,d,62.8.31.255,376,France,0,0,0,0,0,1,0,1,,,,
428,d,37.60.63.255 ,684,France,0,1,1,0,1,1,0,1,,,,
429,d,37.60.63.255 ,684,France,1,1,1,1,1,1,1,1,,,,
430,b,5.83.95.255,619,Spain,0,0,0,0,0,0,0,0,,,,
431,c,37.60.63.255 ,502,France,1,0,0,0,0,0,0,0,,,,
432,d,37.60.63.255 ,699,France,0,0,0,1,0,0,0,0,,,,
433,c,37.60.63.255 ,502,France,0,0,0,0,0,0,1,0,,,,
434,h,37.60.63.255 ,684,France,1,0,0,1,0,0,1,0,,,,
435,a,37.60.63.255 ,619,France,0,1,0,0,0,0,0,1,,,,
436,e,5.83.95.255,850,Spain,0,0,1,0,0,0,0,1,,,,
437,d,5.83.95.255,645,Spain,0,0,0,0,1,0,0,1,,,,
438,d,37.60.63.255 ,502,France,0,0,0,0,0,1,0,1,,,,
439,d,37.60.63.255 ,699,France,0,1,1,0,1,1,0,1,,,,
440,e,37.60.63.255 ,699,France,1,1,1,1,1,1,1,1,,,,
441,d,5.83.95.255,850,Spain,0,0,0,0,0,0,0,0,,,,
442,e,5.83.95.255,645,Spain,1,0,0,0,0,0,0,0,,,,
443,c,37.60.63.255 ,822,France,0,0,0,1,0,0,0,0,,,,
444,f,5.1.95.255 ,376,Germany,0,0,0,0,0,0,1,0,,,,
445,h,37.60.63.255 ,684,France,1,0,0,1,0,0,1,0,,,,
446,e,5.83.95.255,850,Spain,0,1,0,0,0,0,0,1,,,,
447,d,5.83.95.255,645,Spain,0,0,1,0,0,0,0,1,,,,
448,e,37.60.63.255 ,822,France,0,0,0,0,1,0,0,1,,,,
449,f,5.1.95.255 ,376,Germany,0,0,0,0,0,1,0,1,,,,
450,h,37.60.63.255 ,684,France,0,1,1,0,1,1,0,1,,,,
451,i,37.60.63.255 ,528,France,1,1,1,1,1,1,1,1,,,,
452,a,37.60.63.255 ,619,France,0,0,0,0,0,0,0,0,,,,
453,a,5.83.95.255,608,Spain,1,0,0,0,0,0,0,0,,,,
454,e,37.60.63.255 ,502,France,0,0,0,1,0,0,0,0,,,,
455,d,37.60.63.255 ,699,France,0,0,0,0,0,0,1,0,,,,
456,e,37.60.63.255 ,502,France,1,0,0,1,0,0,1,0,,,,
457,f,37.60.63.255 ,684,France,0,1,0,0,0,0,0,1,,,,
458,h,37.60.63.255 ,619,France,0,0,1,0,0,0,0,1,,,,
459,i,5.83.95.255,850,Spain,0,0,0,0,1,0,0,1,,,,
460,a,5.83.95.255,645,Spain,0,0,0,0,0,1,0,1,,,,
461,b,37.60.63.255 ,502,France,0,1,1,0,1,1,0,1,,,,
462,c,37.60.63.255 ,699,France,1,1,1,1,1,1,1,1,,,,
463,d,37.60.63.255 ,699,France,0,0,0,0,0,0,0,0,,,,
464,c,5.83.95.255,850,Spain,1,0,0,0,0,0,0,0,,,,
465,h,5.83.95.255,645,Spain,0,0,0,1,0,0,0,0,,,,
466,a,37.60.63.255 ,822,France,0,0,0,0,0,0,1,0,,,,
467,e,5.1.95.255 ,376,Germany,1,0,0,1,0,0,1,0,,,,
468,d,37.60.63.255 ,684,France,0,1,0,0,0,0,0,1,,,,
469,d,5.83.95.255,608,Spain,0,0,1,0,0,0,0,1,,,,
470,d,37.60.63.255 ,502,France,0,0,0,0,1,0,0,1,,,,
471,b,37.60.63.255 ,699,France,0,0,0,0,0,1,0,1,,,,
472,c,37.60.63.255 ,502,France,0,1,1,0,1,1,0,1,,,,
473,d,37.60.63.255 ,684,France,1,1,1,1,1,1,1,1,,,,
474,c,37.60.63.255 ,619,France,0,0,0,0,0,0,0,0,,,,
475,h,5.83.95.255,850,Spain,1,0,0,0,0,0,0,0,,,,
476,a,5.83.95.255,645,Spain,0,0,0,1,0,0,0,0,,,,
477,e,37.60.63.255 ,822,France,0,0,0,0,0,0,1,0,,,,
478,d,5.1.95.255 ,376,Germany,1,0,0,1,0,0,1,0,,,,
479,d,37.60.63.255 ,684,France,0,1,0,0,0,0,0,1,,,,
480,d,37.60.63.255 ,528,France,0,0,1,0,0,0,0,1,,,,
481,e,37.60.63.255 ,619,France,0,0,0,0,1,0,0,1,,,,
482,d,5.83.95.255,608,Spain,0,0,0,0,0,1,0,1,,,,
483,e,37.60.63.255 ,502,France,0,1,1,0,1,1,0,1,,,,
484,c,37.60.63.255 ,699,France,1,1,1,1,1,1,1,1,,,,
485,c,37.60.63.255 ,502,France,0,0,0,0,0,0,0,0,,,,
486,h,37.60.63.255 ,684,France,1,0,0,0,0,0,0,0,,,,
487,a,37.60.63.255 ,619,France,0,0,0,1,0,0,0,0,,,,
488,e,5.83.95.255,850,Spain,0,0,0,0,0,0,1,0,,,,
489,d,5.83.95.255,645,Spain,1,0,0,1,0,0,1,0,,,,
490,c,37.60.63.255 ,502,France,0,1,0,0,0,0,0,1,,,,
491,d,37.60.63.255 ,699,France,0,0,1,0,0,0,0,1,,,,
492,d,37.60.63.255 ,699,France,0,0,0,0,1,0,0,1,,,,
493,a,5.83.95.255,850,Spain,0,0,0,0,0,1,0,1,,,,
494,e,5.83.95.255,645,Spain,0,1,1,0,1,1,0,1,,,,
495,d,37.60.63.255 ,822,France,1,1,1,1,1,1,1,1,,,,
496,e,5.1.95.255 ,376,Germany,0,0,0,0,0,0,0,0,,,,
497,f,37.60.63.255 ,684,France,1,0,0,0,0,0,0,0,,,,
498,h,5.83.95.255,850,Spain,0,0,0,1,0,0,0,0,,,,
499,i,5.83.95.255,645,Spain,0,0,0,0,0,0,1,0,,,,
500,a,37.60.63.255 ,822,France,1,0,0,1,0,0,1,0,,,,
501,b,5.1.95.255 ,376,Germany,0,1,0,0,0,0,0,1,,,,
502,c,37.60.63.255 ,684,France,0,0,1,0,0,0,0,1,,,,
503,d,37.60.63.255 ,528,France,0,0,0,0,1,0,0,1,,,,
504,c,37.60.63.255 ,619,France,0,0,0,0,0,1,0,1,,,,
505,h,5.83.95.255,608,Spain,0,1,1,0,1,1,0,1,,,,
506,a,37.60.63.255 ,502,France,1,1,1,1,1,1,1,1,,,,
507,e,37.60.63.255 ,699,France,0,0,0,0,0,0,0,0,,,,
508,d,37.60.63.255 ,502,France,1,0,0,0,0,0,0,0,,,,
509,d,37.60.63.255 ,684,France,0,0,0,1,0,0,0,0,,,,
510,d,37.60.63.255 ,619,France,0,0,0,0,0,0,1,0,,,,
511,b,5.83.95.255,850,Spain,1,0,0,1,0,0,1,0,,,,
512,c,5.83.95.255,645,Spain,0,1,0,0,0,0,0,1,,,,
513,d,37.60.63.255 ,502,France,0,0,1,0,0,0,0,1,,,,
514,c,37.60.63.255 ,699,France,0,0,0,0,1,0,0,1,,,,
515,h,5.83.95.255,608,Spain,0,0,0,0,0,1,0,1,,,,
516,a,37.60.63.255 ,502,France,0,1,1,0,1,1,0,1,,,,
517,e,37.60.63.255 ,699,France,1,1,1,1,1,1,1,1,,,,
518,d,37.60.63.255 ,502,France,0,0,0,0,0,0,0,0,,,,
519,d,37.60.63.255 ,684,France,1,0,0,0,0,0,0,0,,,,
520,d,37.60.63.255 ,619,France,0,0,0,1,0,0,0,0,,,,
521,e,5.83.95.255,850,Spain,0,0,0,0,0,0,1,0,,,,
522,d,5.83.95.255,645,Spain,1,0,0,1,0,0,1,0,,,,
523,e,37.60.63.255 ,822,France,0,1,0,0,0,0,0,1,,,,
524,c,5.1.95.255 ,376,Germany,0,0,1,0,0,0,0,1,,,,
525,h,37.60.63.255 ,684,France,0,0,0,0,1,0,0,1,,,,
526,i,37.60.63.255 ,528,France,0,0,0,0,0,1,0,1,,,,
527,a,37.60.63.255 ,619,France,0,1,1,0,1,1,0,1,,,,
528,b,5.83.95.255,608,Spain,1,1,1,1,1,1,1,1,,,,
529,c,37.60.63.255 ,502,France,0,0,0,0,0,0,0,0,,,,
530,d,37.60.63.255 ,699,France,1,0,0,0,0,0,0,0,,,,
531,a,37.60.63.255 ,502,France,0,0,0,1,0,0,0,0,,,,
532,e,37.60.63.255 ,684,France,0,0,0,0,0,0,1,0,,,,
533,d,37.60.63.255 ,619,France,1,0,0,1,0,0,1,0,,,,
534,e,5.83.95.255,850,Spain,0,1,0,0,0,0,0,1,,,,
535,f,5.83.95.255,645,Spain,0,0,1,0,0,0,0,1,,,,
536,h,37.60.63.255 ,502,France,0,0,0,0,1,0,0,1,,,,
537,i,37.60.63.255 ,699,France,0,0,0,0,0,1,0,1,,,,
538,a,37.60.63.255 ,699,France,0,1,1,0,1,1,0,1,,,,
539,b,5.83.95.255,850,Spain,1,1,1,1,1,1,1,1,,,,
540,c,5.83.95.255,645,Spain,0,0,0,0,0,0,0,0,,,,
541,d,37.60.63.255 ,822,France,1,0,0,0,0,0,0,0,,,,
542,c,5.1.95.255 ,376,Germany,0,0,0,1,0,0,0,0,,,,
543,h,37.60.63.255 ,684,France,0,0,0,0,0,0,1,0,,,,
544,a,5.83.95.255,850,Spain,1,0,0,1,0,0,1,0,,,,
545,e,5.83.95.255,645,Spain,0,1,0,0,0,0,0,1,,,,
546,d,37.60.63.255 ,822,France,0,0,1,0,0,0,0,1,,,,
547,d,5.1.95.255 ,376,Germany,0,0,0,0,1,0,0,1,,,,
548,d,37.60.63.255 ,684,France,0,0,0,0,0,1,0,1,,,,
549,b,37.60.63.255 ,528,France,0,1,1,0,1,1,0,1,,,,
550,c,37.60.63.255 ,619,France,1,1,1,1,1,1,1,1,,,,
551,d,5.83.95.255,608,Spain,0,0,0,0,0,0,0,0,,,,
552,c,37.60.63.255 ,502,France,1,0,0,0,0,0,0,0,,,,
553,h,37.60.63.255 ,699,France,0,0,0,1,0,0,0,0,,,,
554,a,37.60.63.255 ,502,France,0,0,0,0,0,0,1,0,,,,
555,e,37.60.63.255 ,684,France,1,0,0,1,0,0,1,0,,,,
556,d,37.60.63.255 ,619,France,0,1,0,0,0,0,0,1,,,,
557,d,5.83.95.255,850,Spain,0,0,1,0,0,0,0,1,,,,
558,d,5.83.95.255,645,Spain,0,0,0,0,1,0,0,1,,,,
559,e,37.60.63.255 ,502,France,0,0,0,0,0,1,0,1,,,,
560,d,37.60.63.255 ,699,France,0,1,1,0,1,1,0,1,,,,
561,e,5.83.95.255,645,Spain,1,1,1,1,1,1,1,1,,,,
562,c,37.60.63.255 ,502,France,0,0,0,0,0,0,0,0,,,,
563,d,37.60.63.255 ,699,France,1,0,0,0,0,0,0,0,,,,
564,d,37.60.63.255 ,699,France,0,0,0,1,0,0,0,0,,,,
565,e,5.83.95.255,850,Spain,0,0,0,0,0,0,1,0,,,,
566,d,5.83.95.255,645,Spain,1,0,0,1,0,0,1,0,,,,
567,e,37.60.63.255 ,822,France,0,1,0,0,0,0,0,1,,,,
568,f,5.1.95.255 ,376,Germany,0,0,1,0,0,0,0,1,,,,
569,h,37.60.63.255 ,684,France,0,0,0,0,1,0,0,1,,,,
570,b,5.83.95.255,608,Spain,0,0,0,0,0,1,0,1,,,,
571,c,37.60.63.255 ,502,France,0,1,1,0,1,1,0,1,,,,
572,d,37.60.63.255 ,699,France,1,1,1,1,1,1,1,1,,,,
573,a,37.60.63.255 ,502,France,0,0,0,0,0,0,0,0,,,,
574,e,37.60.63.255 ,684,France,1,0,0,0,0,0,0,0,,,,
575,d,37.60.63.255 ,619,France,0,0,0,1,0,0,0,0,,,,
576,e,5.83.95.255,850,Spain,0,0,0,0,0,0,1,0,,,,
577,f,5.83.95.255,645,Spain,1,0,0,1,0,0,1,0,,,,
578,h,37.60.63.255 ,822,France,0,1,0,0,0,0,0,1,,,,
579,i,5.1.95.255 ,376,Germany,0,0,1,0,0,0,0,1,,,,
580,a,37.60.63.255 ,684,France,0,0,0,0,1,0,0,1,,,,
581,b,37.60.63.255 ,528,France,0,0,0,0,0,1,0,1,,,,
582,c,37.60.63.255 ,619,France,0,1,1,0,1,1,0,1,,,,
583,d,5.83.95.255,608,Spain,1,1,1,1,1,1,1,1,,,,
584,c,37.60.63.255 ,502,France,0,0,0,0,0,0,0,0,,,,
585,h,37.60.63.255 ,699,France,1,0,0,0,0,0,0,0,,,,
586,a,37.60.63.255 ,502,France,0,0,0,1,0,0,0,0,,,,
587,e,37.60.63.255 ,684,France,0,0,0,0,0,0,1,0,,,,
588,d,37.60.63.255 ,619,France,1,0,0,1,0,0,1,0,,,,
589,d,5.83.95.255,850,Spain,0,1,0,0,0,0,0,1,,,,
590,d,5.83.95.255,645,Spain,0,0,1,0,0,0,0,1,,,,
591,b,37.60.63.255 ,502,France,0,0,0,0,1,0,0,1,,,,
592,c,37.60.63.255 ,699,France,0,0,0,0,0,1,0,1,,,,
593,d,37.60.63.255 ,619,France,0,1,1,0,1,1,0,1,,,,
594,c,5.83.95.255,608,Spain,1,1,1,1,1,1,1,1,,,,
595,h,37.60.63.255 ,502,France,0,0,0,0,0,0,0,0,,,,
596,a,37.60.63.255 ,699,France,1,0,0,0,0,0,0,0,,,,
597,e,37.60.63.255 ,502,France,0,0,0,1,0,0,0,0,,,,
598,d,37.60.63.255 ,684,France,0,0,0,0,0,0,1,0,,,,
599,d,37.60.63.255 ,619,France,1,0,0,1,0,0,1,0,,,,
600,d,5.83.95.255,850,Spain,0,1,0,0,0,0,0,1,,,,
601,e,5.83.95.255,645,Spain,0,0,1,0,0,0,0,1,,,,
602,d,37.60.63.255 ,502,France,0,0,0,0,1,0,0,1,,,,
603,e,37.60.63.255 ,699,France,0,0,0,0,0,1,0,1,,,,
604,c,5.83.95.255,645,Spain,0,1,1,0,1,1,0,1,,,,
605,c,37.60.63.255 ,502,France,1,1,1,1,1,1,1,1,,,,
606,d,37.60.63.255 ,699,France,0,0,0,0,0,0,0,0,,,,
607,d,37.60.63.255 ,699,France,1,0,0,0,0,0,0,0,,,,
608,e,5.83.95.255,850,Spain,0,0,0,1,0,0,0,0,,,,
609,d,5.83.95.255,645,Spain,0,0,0,0,0,0,1,0,,,,
610,e,37.60.63.255 ,822,France,1,0,0,1,0,0,1,0,,,,
611,a,5.1.95.255 ,376,Germany,0,1,0,0,0,0,0,1,,,,
612,e,37.60.63.255 ,684,France,0,0,1,0,0,0,0,1,,,,
613,d,5.83.95.255,608,Spain,0,0,0,0,1,0,0,1,,,,
614,e,37.60.63.255 ,502,France,0,0,0,0,0,1,0,1,,,,
615,f,37.60.63.255 ,699,France,0,1,1,0,1,1,0,1,,,,
616,h,37.60.63.255 ,502,France,1,1,1,1,1,1,1,1,,,,
617,i,37.60.63.255 ,684,France,0,0,0,0,0,0,0,0,,,,
618,a,37.60.63.255 ,619,France,1,0,0,0,0,0,0,0,,,,
619,b,5.83.95.255,850,Spain,0,0,0,1,0,0,0,0,,,,
620,c,5.83.95.255,645,Spain,0,0,0,0,0,0,1,0,,,,
621,d,37.60.63.255 ,822,France,1,0,0,1,0,0,1,0,,,,
622,c,5.1.95.255 ,376,Germany,0,1,0,0,0,0,0,1,,,,
623,h,37.60.63.255 ,684,France,0,0,1,0,0,0,0,1,,,,
624,a,37.60.63.255 ,528,France,0,0,0,0,1,0,0,1,,,,
625,e,37.60.63.255 ,619,France,0,0,0,0,0,1,0,1,,,,
626,d,5.83.95.255,608,Spain,0,1,1,0,1,1,0,1,,,,
627,d,37.60.63.255 ,502,France,1,1,1,1,1,1,1,1,,,,
628,d,37.60.63.255 ,699,France,0,0,0,0,0,0,0,0,,,,
629,b,37.60.63.255 ,502,France,1,0,0,0,0,0,0,0,,,,
630,c,37.60.63.255 ,684,France,0,0,0,1,0,0,0,0,,,,
631,d,37.60.63.255 ,619,France,0,0,0,0,0,0,1,0,,,,
632,c,5.83.95.255,850,Spain,1,0,0,1,0,0,1,0,,,,
633,h,5.83.95.255,645,Spain,0,1,0,0,0,0,0,1,,,,
634,a,37.60.63.255 ,502,France,0,0,1,0,0,0,0,1,,,,
635,e,37.60.63.255 ,699,France,0,0,0,0,1,0,0,1,,,,
636,d,37.60.63.255 ,619,France,0,0,0,0,0,1,0,1,,,,
637,d,5.83.95.255,608,Spain,0,1,1,0,1,1,0,1,,,,
638,d,37.60.63.255 ,502,France,1,1,1,1,1,1,1,1,,,,
639,e,37.60.63.255 ,699,France,0,0,0,0,0,0,0,0,,,,
640,d,37.60.63.255 ,502,France,1,0,0,0,0,0,0,0,,,,
641,e,37.60.63.255 ,684,France,0,0,0,1,0,0,0,0,,,,
642,c,37.60.63.255 ,619,France,0,0,0,0,0,0,1,0,,,,
643,e,5.83.95.255,850,Spain,1,0,0,1,0,0,1,0,,,,
644,d,5.83.95.255,645,Spain,0,1,0,0,0,0,0,1,,,,
645,c,37.60.63.255 ,502,France,0,0,1,0,0,0,0,1,,,,
646,d,37.60.63.255 ,699,France,0,0,0,0,1,0,0,1,,,,
647,a,5.83.95.255,645,Spain,0,0,0,0,0,1,0,1,,,,
648,e,37.60.63.255 ,502,France,0,1,1,0,1,1,0,1,,,,
649,d,37.60.63.255 ,699,France,1,1,1,1,1,1,1,1,,,,
650,e,37.60.63.255 ,699,France,0,0,0,0,0,0,0,0,,,,
651,f,5.83.95.255,850,Spain,1,0,0,0,0,0,0,0,,,,
652,h,5.83.95.255,645,Spain,0,0,0,1,0,0,0,0,,,,
653,i,37.60.63.255 ,822,France,0,0,0,0,0,0,1,0,,,,
654,a,5.1.95.255 ,376,Germany,1,0,0,1,0,0,1,0,,,,
655,b,37.60.63.255 ,684,France,0,1,0,0,0,0,0,1,,,,
656,c,5.83.95.255,608,Spain,0,0,1,0,0,0,0,1,,,,
657,d,37.60.63.255 ,502,France,0,0,0,0,1,0,0,1,,,,
658,c,37.60.63.255 ,699,France,0,0,0,0,0,1,0,1,,,,
659,h,37.60.63.255 ,502,France,0,1,1,0,1,1,0,1,,,,
660,a,37.60.63.255 ,684,France,1,1,1,1,1,1,1,1,,,,
661,e,188.116.191.100,502,Russia,1,0,0,1,0,0,1,1,,,,
662,d,5.143.255.211,608,Russia,0,0,0,0,0,0,1,0,,,,
663,d,188.116.191.101,684,Russia,0,0,0,0,1,0,0,1,,,,
664,d,5.143.255.212,502,Russia,1,0,0,1,0,0,1,1,,,,
665,b,188.116.191.102,528,Russia,1,0,0,0,0,0,0,1,,,,
666,c,92.50.191.11,645,Russia,1,0,0,1,0,0,1,1,,,,
667,d,188.116.191.103,699,Russia,0,0,1,0,0,0,0,1,,,,
668,c,5.143.255.213,502,Russia,0,0,0,0,1,0,0,1,,,,
669,h,188.116.191.104,684,Russia,0,0,0,0,0,1,0,1,,,,
670,a,188.116.191.105,619,Russia,0,1,1,0,1,1,0,1,,,,
671,e,188.116.191.106,850,Russia,1,1,1,1,1,1,1,1,,,,
672,d,109.127.191.104,822,Russia,0,1,0,0,0,0,0,1,,,,
673,d,188.116.191.107,619,Russia,1,0,0,1,0,0,1,1,,,,
674,d,5.143.255.214,850,Russia,0,1,0,0,0,0,0,1,,,,
675,e,188.116.191.108,645,Russia,0,0,1,0,0,0,0,1,,,,
676,d,109.127.191.105,822,Russia,0,0,0,0,1,0,0,1,,,,
677,e,188.116.191.109,376,Russia,0,0,0,0,0,1,0,1,,,,
678,c,109.127.191.106,502,Russia,0,0,0,1,0,0,0,1,,,,
679,h,109.120.63.210,684,Russia,0,0,0,0,0,0,1,0,,,,
680,a,109.120.63.211,619,Russia,1,0,0,1,0,0,1,1,,,,
681,e,5.143.255.211,850,Russia,0,1,0,0,0,0,0,1,,,,
682,a,188.116.191.122,619,Russia,0,0,1,0,0,0,0,1,,,,
683,e,109.120.63.212,502,Russia,0,1,1,0,1,1,0,1,,,,
684,d,109.120.63.213,699,Russia,1,1,1,1,1,1,1,1,,,,
685,e,5.143.255.212,376,Russia,1,0,0,1,0,0,1,1,,,,
686,f,188.116.191.123,619,Russia,0,0,0,0,1,0,0,1,,,,
687,h,109.120.63.214,850,Russia,0,0,0,0,0,1,0,1,,,,
688,i,5.143.255.213,645,Russia,0,1,1,0,1,1,0,1,,,,
689,a,188.116.191.124,502,Russia,1,1,1,1,1,1,1,1,,,,
690,b,109.120.63.215,699,Russia,0,0,0,0,0,0,0,1,,,,
691,c,5.143.255.214,699,Russia,1,0,0,0,0,0,0,1,,,,
692,d,5.143.255.215,850,Russia,0,0,0,1,0,0,0,1,,,,
693,c,188.116.191.125,645,Russia,0,0,0,0,0,0,1,0,,,,
694,h,188.116.191.126,822,Russia,1,0,0,1,0,0,1,1,,,,
695,a,188.116.191.127,376,Russia,0,1,0,0,0,0,0,1,,,,
696,e,188.116.191.210,684,Russia,0,0,1,0,0,0,0,1,,,,
697,d,5.143.255.216,528,Russia,0,0,0,0,1,0,0,1,,,,
