RowNumber,Node name,IP Adress,Risk Scope,Location,Port 21,Port 22 SSH,Telnet Port 23,Port 25,Port 53,Email -110,Port 80,Security Problem,,,,
1,a,Hargrave,619,France,0,0,0,0,0,0,0,0,,,,1 = open/Yes
2,b,Hill,608,Spain,1,0,0,0,0,0,0,0,,,,0 = closed/No
3,c,Onio,502,France,0,0,0,1,0,0,0,0,,,,
4,d,Boni,699,France,0,0,0,0,0,0,1,0,,,,
4,d,Boni,699,France,1,0,0,1,0,0,1,0,,,,
5,e,Mitchell,850,Spain,0,1,0,0,0,0,0,1,,,,
6,d,Chu,645,Spain,0,0,1,0,0,0,0,1,,,,
7,e,Bartlett,822,France,0,0,0,0,1,0,0,1,,,,
8,f,Obinna,376,Germany,0,0,0,0,0,1,0,1,,,,
10,h,H?,684,France,0,1,1,0,1,1,0,1,,,,
11,i,Bearce,528,France,1,1,1,1,1,1,1,1,,,,
1,a,Hargrave,619,France,0,0,0,0,0,0,0,0,,,,
2,b,Hill,608,Spain,1,0,0,0,0,0,0,0,,,,
3,c,Onio,502,France,0,0,0,1,0,0,0,0,,,,
4,d,Boni,699,France,0,0,0,0,0,0,1,0,,,,
3,c,Onio,502,Russia,1,0,0,1,0,0,1,1,,,,
10,h,H?,684,France,0,1,0,0,0,0,0,1,,,,
1,a,Hargrave,619,France,0,0,1,0,0,0,0,1,,,,
5,e,Mitchell,850,Spain,0,0,0,0,1,0,0,1,,,,
6,d,Chu,645,Spain,0,0,0,0,0,1,0,1,,,,
7,e,Bartlett,822,France,0,1,1,0,1,1,0,1,,,,
8,f,Obinna,376,Germany,1,1,1,1,1,1,1,1,,,,
10,h,H?,684,France,0,0,0,0,0,0,0,0,,,,
11,i,Bearce,528,France,1,0,0,0,0,0,0,0,,,,
1,b,Hargrave,619,France,0,0,0,1,0,0,0,0,,,,
2,c,Hill,619,Russia,0,0,0,0,0,0,1,0,,,,
3,d,Onio,608,France,1,0,0,1,0,0,1,0,,,,
4,d,Boni,502,France,0,1,0,0,0,0,0,1,,,,
3,e,Onio,699,France,0,0,1,0,0,0,0,1,,,,
10,d,H?,699,Russia,0,0,0,0,1,0,0,1,,,,
1,e,Hargrave,850,France,0,0,0,0,0,1,0,1,,,,
5,f,Mitchell,645,Spain,0,1,1,0,1,1,0,1,,,,
6,h,Chu,822,Spain,1,1,1,1,1,1,1,1,,,,
1,i,Hargrave,376,France,0,0,0,0,0,0,0,0,,,,
2,a,Hill,684,Spain,1,0,0,0,0,0,0,0,,,,
3,b,Onio,528,France,0,0,0,1,0,0,0,0,,,,
4,c,Boni,619,France,0,0,0,0,0,0,1,0,,,,
3,d,Onio,608,Russia,1,0,0,1,0,0,1,1,,,,
10,c,H?,502,France,0,1,0,0,0,0,0,1,,,,
1,h,Hargrave,699,France,0,0,1,0,0,0,0,1,,,,
5,a,Mitchell,502,Spain,0,0,0,0,1,0,0,1,,,,
6,e,Chu,684,Spain,0,0,0,0,0,1,0,1,,,,
7,d,Bartlett,619,France,0,1,1,0,1,1,0,1,,,,
8,e,Obinna,850,Germany,1,1,1,1,1,1,1,1,,,,
10,f,H?,645,France,0,0,0,0,0,0,0,0,,,,
11,h,Bearce,822,Russia,1,0,0,0,0,0,0,1,,,,
1,i,Hargrave,376,France,0,0,0,1,0,0,0,0,,,,
2,a,Hill,684,Spain,0,0,0,0,0,0,1,0,,,,
3,b,Onio,502,France,1,0,0,1,0,0,1,0,,,,
4,c,Boni,699,France,0,1,0,0,0,0,0,1,,,,
3,d,Onio,619,France,0,0,1,0,0,0,0,1,,,,
10,c,H?,608,France,0,0,0,0,1,0,0,1,,,,
1,h,Hargrave,502,France,0,0,0,0,0,1,0,1,,,,
5,a,Mitchell,699,Spain,0,1,1,0,1,1,0,1,,,,
6,e,Chu,699,Spain,1,1,1,1,1,1,1,1,,,,
3,d,Onio,850,France,0,0,0,0,0,0,0,0,,,,
4,a,Boni,645,France,1,0,0,0,0,0,0,0,,,,
4,b,Boni,822,France,0,0,0,1,0,0,0,0,,,,
5,c,Mitchell,376,Spain,0,0,0,0,0,0,1,0,,,,
6,d,Chu,684,Russia,1,0,0,1,0,0,1,1,,,,
7,c,Bartlett,528,France,0,1,0,0,0,0,0,1,,,,
8,h,Obinna,619,Germany,0,0,1,0,0,0,0,1,,,,
10,a,H?,608,France,0,0,0,0,1,0,0,1,,,,
5,e,Mitchell,502,Spain,0,0,0,0,0,1,0,1,,,,
6,d,Chu,699,Spain,0,1,1,0,1,1,0,1,,,,
7,e,Bartlett,502,France,1,1,1,1,1,1,1,1,,,,
8,f,Obinna,684,Germany,0,0,0,0,0,0,0,0,,,,
10,h,H?,619,France,1,0,0,0,0,0,0,0,,,,
11,i,Bearce,850,France,0,0,0,1,0,0,0,0,,,,
1,a,Hargrave,645,France,0,0,0,0,0,0,1,0,,,,
2,b,Hill,822,Spain,1,0,0,1,0,0,1,0,,,,
3,c,Onio,376,France,0,1,0,0,0,0,0,1,,,,
4,d,Boni,684,Russia,0,0,1,0,0,0,0,1,,,,
3,c,Onio,502,Russia,0,0,0,0,1,0,0,1,,,,
10,h,H?,684,Russia,0,0,0,0,0,1,0,1,,,,
1,a,Hargrave,619,Russia,0,1,1,0,1,1,0,1,,,,
5,e,Mitchell,608,Russia,1,1,1,1,1,1,1,1,,,,
6,d,Chu,502,Spain,0,0,0,0,0,0,0,0,,,,
3,c,Onio,699,France,1,0,0,0,0,0,0,0,,,,
4,d,Boni,699,France,0,0,0,1,0,0,0,0,,,,
4,d,Boni,850,France,0,0,0,0,0,0,1,0,,,,
5,e,Mitchell,645,Spain,1,0,0,1,0,0,1,0,,,,
6,d,Chu,822,Spain,0,1,0,0,0,0,0,1,,,,
7,e,Bartlett,376,France,0,0,1,0,0,0,0,1,,,,
8,f,Obinna,684,Germany,0,0,0,0,1,0,0,1,,,,
10,h,H?,528,France,0,0,0,0,0,1,0,1,,,,
1,e,Mitchell,619,France,0,1,1,0,1,1,0,1,,,,
2,d,Chu,608,Spain,1,1,1,1,1,1,1,1,,,,
3,e,Onio,502,France,0,0,0,0,0,0,0,0,,,,
4,f,Boni,699,France,1,0,0,0,0,0,0,0,,,,
4,h,Boni,502,France,0,0,0,1,0,0,0,0,,,,
5,i,Mitchell,684,Spain,0,0,0,0,0,0,1,0,,,,
6,a,Chu,619,Spain,1,0,0,1,0,0,1,0,,,,
7,b,Bartlett,850,Russia,0,1,0,0,0,0,0,1,,,,
8,c,Obinna,645,Germany,0,0,1,0,0,0,0,1,,,,
10,d,H?,822,France,0,0,0,0,1,0,0,1,,,,
11,c,Bearce,376,France,0,0,0,0,0,1,0,1,,,,
1,h,Hargrave,684,France,0,1,1,0,1,1,0,1,,,,
2,a,Onio,608,Spain,1,1,1,1,1,1,1,1,,,,
3,e,H?,502,France,0,0,0,0,0,0,0,0,,,,
4,d,Hargrave,699,France,1,0,0,0,0,0,0,0,,,,
3,c,Mitchell,502,France,0,0,0,1,0,0,0,0,,,,
10,d,Chu,684,France,0,0,0,0,0,0,1,0,,,,
1,d,Onio,619,Russia,1,0,0,1,0,0,1,1,,,,
5,e,Boni,619,Russia,0,1,0,0,0,0,0,1,,,,
6,d,Boni,608,Russia,0,0,1,0,0,0,0,1,,,,
7,e,Mitchell,502,Russia,0,0,0,0,1,0,0,1,,,,
8,f,Chu,699,Russia,0,0,0,0,0,1,0,1,,,,
10,h,Bartlett,699,France,0,1,1,0,1,1,0,1,,,,
11,a,Obinna,850,France,1,1,1,1,1,1,1,1,,,,
1,b,H?,645,France,0,0,0,0,0,0,0,0,,,,
2,c,Mitchell,822,Spain,1,0,0,0,0,0,0,0,,,,
3,d,Chu,376,France,0,0,0,1,0,0,0,0,,,,
4,d,Boni,684,France,0,0,0,0,0,0,1,0,,,,
3,e,Onio,528,France,1,0,0,1,0,0,1,0,,,,
10,d,H?,619,France,0,1,0,0,0,0,0,1,,,,
1,e,Hargrave,608,France,0,0,1,0,0,0,0,1,,,,
5,f,Mitchell,502,Spain,0,0,0,0,1,0,0,1,,,,
6,h,Chu,699,Spain,0,0,0,0,0,1,0,1,,,,
1,i,Hargrave,502,France,0,1,1,0,1,1,0,1,,,,
2,a,Hill,684,Spain,1,1,1,1,1,1,1,1,,,,
3,b,Onio,619,France,0,0,0,0,0,0,0,0,,,,
4,c,Boni,850,France,1,0,0,0,0,0,0,0,,,,
3,d,Onio,645,Russia,0,0,0,1,0,0,0,1,,,,
10,c,H?,822,Russia,0,0,0,0,0,0,1,0,,,,
1,h,Hargrave,376,Russia,1,0,0,1,0,0,1,1,,,,
5,a,Mitchell,684,Russia,0,1,0,0,0,0,0,1,,,,
6,e,Chu,645,Spain,0,0,1,0,0,0,0,1,,,,
7,d,Bartlett,822,France,0,0,0,0,1,0,0,1,,,,
8,e,Obinna,376,Germany,0,0,0,0,0,1,0,1,,,,
10,f,H?,684,France,0,1,1,0,1,1,0,1,,,,
11,h,Bearce,528,France,1,1,1,1,1,1,1,1,,,,
1,i,Onio,619,France,0,0,0,0,0,0,0,0,,,,
2,a,H?,619,Spain,1,0,0,0,0,0,0,0,,,,
3,b,Hargrave,608,France,0,0,0,1,0,0,0,0,,,,
4,c,Mitchell,502,France,0,0,0,0,0,0,1,0,,,,
3,d,Chu,699,France,1,0,0,1,0,0,1,0,,,,
10,c,Onio,699,France,0,1,0,0,0,0,0,1,,,,
1,h,Boni,850,Russia,0,0,1,0,0,0,0,1,,,,
5,a,Boni,645,Spain,0,0,0,0,1,0,0,1,,,,
6,e,Mitchell,822,Spain,0,0,0,0,0,1,0,1,,,,
3,d,Chu,376,Russia,0,1,1,0,1,1,0,1,,,,
4,d,Bartlett,684,Russia,1,1,1,1,1,1,1,1,,,,
4,d,Obinna,528,France,0,0,0,0,0,0,0,0,,,,
5,b,H?,619,Spain,1,0,0,0,0,0,0,0,,,,
6,c,Mitchell,608,Spain,0,0,0,1,0,0,0,0,,,,
7,d,Chu,502,France,0,0,0,0,0,0,1,0,,,,
8,c,Obinna,699,Russia,1,0,0,1,0,0,1,1,,,,
10,h,H?,502,France,0,1,0,0,0,0,0,1,,,,
5,a,Mitchell,684,Spain,0,0,1,0,0,0,0,1,,,,
6,e,Chu,619,Spain,0,0,0,0,1,0,0,1,,,,
7,d,Onio,850,France,0,0,0,0,0,1,0,1,,,,
8,d,H?,645,Germany,0,1,1,0,1,1,0,1,,,,
10,d,Hargrave,822,France,1,1,1,1,1,1,1,1,,,,
11,e,Mitchell,376,France,0,0,0,0,0,0,0,0,,,,
1,d,Chu,684,France,1,0,0,0,0,0,0,0,,,,
2,e,Onio,608,Spain,0,0,0,1,0,0,0,0,,,,
3,c,Boni,502,France,0,0,0,0,0,0,1,0,,,,
4,d,Boni,699,France,1,0,0,1,0,0,1,0,,,,
3,c,Mitchell,619,France,0,1,0,0,0,0,0,1,,,,
10,a,Chu,608,France,0,0,1,0,0,0,0,1,,,,
1,e,Bartlett,502,Russia,0,0,0,0,1,0,0,1,,,,
5,d,Obinna,699,Russia,0,0,0,0,0,1,0,1,,,,
6,e,H?,699,Russia,0,1,1,0,1,1,0,1,,,,
3,f,Mitchell,850,Russia,1,1,1,1,1,1,1,1,,,,
4,h,Chu,645,Russia,0,0,0,0,0,0,0,1,,,,
4,i,Boni,822,Russia,1,0,0,0,0,0,0,1,,,,
5,a,Mitchell,376,Russia,0,0,0,1,0,0,0,1,,,,
6,b,Chu,684,Spain,0,0,0,0,0,0,1,0,,,,
7,c,Bartlett,528,France,1,0,0,1,0,0,1,0,,,,
8,d,Obinna,619,Germany,0,1,0,0,0,0,0,1,,,,
10,c,H?,608,France,0,0,1,0,0,0,0,1,,,,
2,h,Mitchell,502,Spain,0,0,0,0,1,0,0,1,,,,
3,a,Chu,699,France,0,0,0,0,0,1,0,1,,,,
4,e,Mitchell,502,France,0,1,1,0,1,1,0,1,,,,
3,d,Chu,684,France,1,1,1,1,1,1,1,1,,,,
10,d,Onio,619,France,0,0,0,0,0,0,0,0,,,,
1,d,Boni,850,France,1,0,0,0,0,0,0,0,,,,
5,b,Boni,645,Spain,0,0,0,1,0,0,0,0,,,,
6,c,Mitchell,822,Russia,0,0,0,0,0,0,1,0,,,,
7,d,Chu,376,Russia,1,0,0,1,0,0,1,1,,,,
8,c,Bartlett,684,Russia,0,1,0,0,0,0,0,1,,,,
10,h,Obinna,684,Russia,0,0,1,0,0,0,0,1,,,,
11,a,H?,528,Russia,0,0,0,0,1,0,0,1,,,,
1,e,Mitchell,619,France,0,0,0,0,0,1,0,1,,,,
2,d,Chu,608,Spain,0,1,1,0,1,1,0,1,,,,
3,d,Onio,502,France,1,1,1,1,1,1,1,1,,,,
4,d,Boni,699,France,0,0,0,0,0,0,0,0,,,,
3,e,Onio,502,France,1,0,0,0,0,0,0,0,,,,
10,d,H?,619,France,0,0,0,1,0,0,0,0,,,,
1,e,Hargrave,608,France,0,0,0,0,0,0,1,0,,,,
5,c,Mitchell,502,Spain,1,0,0,1,0,0,1,0,,,,
6,d,Chu,699,Spain,0,1,0,0,0,0,0,1,,,,
3,c,Onio,699,France,0,0,1,0,0,0,0,1,,,,
4,a,Boni,850,France,0,0,0,0,1,0,0,1,,,,
4,e,Boni,645,France,0,0,0,0,0,1,0,1,,,,
5,d,Mitchell,822,Spain,0,1,1,0,1,1,0,1,,,,
6,e,Chu,376,Spain,1,1,1,1,1,1,1,1,,,,
7,f,Bartlett,684,France,0,0,0,0,0,0,0,0,,,,
8,h,Obinna,528,Germany,1,0,0,0,0,0,0,0,,,,
10,i,H?,619,France,0,0,0,1,0,0,0,0,,,,
5,a,Mitchell,608,Spain,0,0,0,0,0,0,1,0,,,,
6,b,Chu,502,Spain,1,0,0,1,0,0,1,0,,,,
7,c,Bartlett,699,France,0,1,0,0,0,0,0,1,,,,
8,d,Obinna,502,Germany,0,0,1,0,0,0,0,1,,,,
10,c,H?,684,France,0,0,0,0,1,0,0,1,,,,
11,h,Bearce,619,France,0,0,0,0,0,1,0,1,,,,
1,a,Hargrave,850,France,0,1,1,0,1,1,0,1,,,,
2,e,Hill,645,Spain,1,1,1,1,1,1,1,1,,,,
3,d,Onio,822,France,0,0,0,0,0,0,0,0,,,,
4,d,Boni,376,France,1,0,0,0,0,0,0,0,,,,
3,d,Onio,684,France,0,0,0,1,0,0,0,0,,,,
10,b,H?,684,France,0,0,0,0,0,0,1,0,,,,
1,c,Hargrave,619,France,1,0,0,1,0,0,1,0,,,,
5,d,Mitchell,850,Spain,0,1,0,0,0,0,0,1,,,,
6,c,Chu,645,Spain,0,0,1,0,0,0,0,1,,,,
3,h,Onio,619,France,0,0,0,0,1,0,0,1,,,,
4,a,Boni,608,France,0,0,0,0,0,1,0,1,,,,
2,e,Hill,502,Spain,0,1,1,0,1,1,0,1,,,,
3,d,Onio,699,France,1,1,1,1,1,1,1,1,,,,
4,d,Boni,699,France,0,0,0,0,0,0,0,0,,,,
3,d,Onio,850,France,1,0,0,0,0,0,0,0,,,,
10,e,H?,645,France,0,0,0,1,0,0,0,0,,,,
1,d,Hargrave,822,France,0,0,0,0,0,0,1,0,,,,
5,e,Mitchell,376,Spain,1,0,0,1,0,0,1,0,,,,
6,c,Chu,684,Spain,0,1,0,0,0,0,0,1,,,,
7,e,Bartlett,528,France,0,0,1,0,0,0,0,1,,,,
8,f,Obinna,619,Germany,0,0,0,0,1,0,0,1,,,,
10,h,H?,608,France,0,0,0,0,0,1,0,1,,,,
11,i,Bearce,502,France,0,1,1,0,1,1,0,1,,,,
1,a,Hargrave,699,France,1,1,1,1,1,1,1,1,,,,
2,b,Hill,502,Spain,0,0,0,0,0,0,0,0,,,,
3,c,Onio,684,France,1,0,0,0,0,0,0,0,,,,
4,d,Boni,619,France,0,0,0,1,0,0,0,0,,,,
3,a,Onio,850,France,0,0,0,0,0,0,1,0,,,,
10,e,H?,645,France,1,0,0,1,0,0,1,0,,,,
1,d,Hargrave,822,France,0,1,0,0,0,0,0,1,,,,
5,e,Mitchell,376,Spain,0,0,1,0,0,0,0,1,,,,
6,f,Chu,684,Spain,0,0,0,0,1,0,0,1,,,,
3,h,Onio,528,France,0,0,0,0,0,1,0,1,,,,
4,i,Boni,619,France,0,1,1,0,1,1,0,1,,,,
4,a,Boni,619,France,1,1,1,1,1,1,1,1,,,,
5,b,Mitchell,608,Spain,0,0,0,0,0,0,0,0,,,,
6,c,Chu,502,Spain,1,0,0,0,0,0,0,0,,,,
7,d,Bartlett,699,France,0,0,0,1,0,0,0,0,,,,
8,c,Obinna,699,Germany,0,0,0,0,0,0,1,0,,,,
10,h,H?,850,France,1,0,0,1,0,0,1,0,,,,
5,a,Mitchell,645,Spain,0,1,0,0,0,0,0,1,,,,
6,e,Chu,822,Spain,0,0,1,0,0,0,0,1,,,,
7,d,Bartlett,376,France,0,0,0,0,1,0,0,1,,,,
8,d,Obinna,684,Germany,0,0,0,0,0,1,0,1,,,,
10,d,H?,528,France,0,1,1,0,1,1,0,1,,,,
11,b,Bearce,619,France,1,1,1,1,1,1,1,1,,,,
1,c,Hargrave,608,France,0,0,0,0,0,0,0,0,,,,
2,d,Hill,502,Spain,1,0,0,0,0,0,0,0,,,,
3,c,Onio,699,France,0,0,0,1,0,0,0,0,,,,
4,h,Boni,502,France,0,0,0,0,0,0,1,0,,,,
3,a,Onio,684,France,1,0,0,1,0,0,1,0,,,,
10,e,H?,619,France,0,1,0,0,0,0,0,1,,,,
1,d,Hargrave,850,France,0,0,1,0,0,0,0,1,,,,
5,d,Mitchell,645,Spain,0,0,0,0,1,0,0,1,,,,
6,d,Chu,822,Spain,0,0,0,0,0,1,0,1,,,,
3,e,Onio,376,France,0,1,1,0,1,1,0,1,,,,
4,d,Mitchell,684,France,1,1,1,1,1,1,1,1,,,,
6,e,Chu,502,Spain,0,0,0,0,0,0,0,0,,,,
3,c,Bartlett,699,France,1,0,0,0,0,0,0,0,,,,
4,d,Obinna,619,France,0,0,0,1,0,0,0,0,,,,
4,d,H?,608,France,0,0,0,0,0,0,1,0,,,,
5,a,Hill,502,Spain,1,0,0,1,0,0,1,0,,,,
6,e,Onio,699,Spain,0,1,0,0,0,0,0,1,,,,
7,d,Boni,699,France,0,0,1,0,0,0,0,1,,,,
8,e,Onio,850,Germany,0,0,0,0,1,0,0,1,,,,
10,f,H?,645,France,0,0,0,0,0,1,0,1,,,,
2,h,Hargrave,822,Spain,0,1,1,0,1,1,0,1,,,,
3,i,Mitchell,376,France,1,1,1,1,1,1,1,1,,,,
4,a,Chu,684,France,0,0,0,0,0,0,0,0,,,,
3,b,Bartlett,528,France,1,0,0,0,0,0,0,0,,,,
10,c,Obinna,619,France,0,0,0,1,0,0,0,0,,,,
1,d,H?,608,France,0,0,0,0,0,0,1,0,,,,
5,c,Bearce,502,Spain,1,0,0,1,0,0,1,0,,,,
6,h,Hargrave,699,Spain,0,1,0,0,0,0,0,1,,,,
7,a,Bartlett,502,France,0,0,1,0,0,0,0,1,,,,
8,e,Obinna,684,Germany,0,0,0,0,1,0,0,1,,,,
10,d,H?,619,France,0,0,0,0,0,1,0,1,,,,
11,d,Bearce,850,France,0,1,1,0,1,1,0,1,,,,
1,d,Hargrave,645,France,1,1,1,1,1,1,1,1,,,,
2,b,Hill,822,Spain,0,0,0,0,0,0,0,0,,,,
3,c,Onio,376,France,1,0,0,0,0,0,0,0,,,,
4,d,Boni,684,France,0,0,0,1,0,0,0,0,,,,
3,c,Onio,502,France,0,0,0,0,0,0,1,0,,,,
10,h,H?,684,France,1,0,0,1,0,0,1,0,,,,
1,a,Hargrave,619,France,0,1,0,0,0,0,0,1,,,,
5,e,Mitchell,608,Spain,0,0,1,0,0,0,0,1,,,,
6,d,Chu,502,Spain,0,0,0,0,1,0,0,1,,,,
3,d,Onio,699,France,0,0,0,0,0,1,0,1,,,,
4,d,Boni,699,France,0,1,1,0,1,1,0,1,,,,
1,e,Hargrave,850,France,1,1,1,1,1,1,1,1,,,,
2,d,Hill,645,Spain,0,0,0,0,0,0,0,0,,,,
3,e,Onio,822,France,1,0,0,0,0,0,0,0,,,,
4,c,Boni,376,France,0,0,0,1,0,0,0,0,,,,
4,d,Boni,684,France,0,0,0,0,0,0,1,0,,,,
5,e,Mitchell,528,Spain,1,0,0,1,0,0,1,0,,,,
6,d,Chu,619,Spain,0,1,0,0,0,0,0,1,,,,
7,a,Bartlett,608,France,0,0,1,0,0,0,0,1,,,,
8,e,Obinna,502,Germany,0,0,0,0,1,0,0,1,,,,
10,d,H?,699,France,0,0,0,0,0,1,0,1,,,,
11,e,Bearce,502,France,0,1,1,0,1,1,0,1,,,,
1,f,Hargrave,684,France,1,1,1,1,1,1,1,1,,,,
2,h,Hill,619,Spain,0,0,0,0,0,0,0,0,,,,
3,i,Onio,850,France,1,0,0,0,0,0,0,0,,,,
4,a,Boni,645,France,0,0,0,1,0,0,0,0,,,,
3,b,Onio,822,France,0,0,0,0,0,0,1,0,,,,
10,c,Boni,376,France,1,0,0,1,0,0,1,0,,,,
1,d,Onio,684,France,0,1,0,0,0,0,0,1,,,,
5,c,H?,608,Spain,0,0,1,0,0,0,0,1,,,,
6,h,Hargrave,502,Spain,0,0,0,0,1,0,0,1,,,,
7,a,Mitchell,699,France,0,0,0,0,0,1,0,1,,,,
8,e,Chu,502,Germany,0,1,1,0,1,1,0,1,,,,
10,d,Hargrave,684,France,1,1,1,1,1,1,1,1,,,,
11,d,Hill,619,France,0,0,0,0,0,0,0,0,,,,
1,d,Onio,619,France,1,0,0,0,0,0,0,0,,,,
2,b,Boni,608,Spain,0,0,0,1,0,0,0,0,,,,
3,c,Onio,502,France,0,0,0,0,0,0,1,0,,,,
4,d,H?,699,France,1,0,0,1,0,0,1,0,,,,
3,c,Hargrave,699,France,0,1,0,0,0,0,0,1,,,,
10,h,Mitchell,850,France,0,0,1,0,0,0,0,1,,,,
1,a,Chu,645,France,0,0,0,0,1,0,0,1,,,,
5,e,Bartlett,822,Spain,0,0,0,0,0,1,0,1,,,,
6,d,Obinna,376,Spain,0,1,1,0,1,1,0,1,,,,
1,d,H?,684,France,1,1,1,1,1,1,1,1,,,,
2,d,Hill,528,Spain,0,0,0,0,0,0,0,0,,,,
3,e,Onio,619,France,1,0,0,0,0,0,0,0,,,,
4,d,Boni,608,France,0,0,0,1,0,0,0,0,,,,
3,e,Onio,502,France,0,0,0,0,0,0,1,0,,,,
10,c,H?,699,France,1,0,0,1,0,0,1,0,,,,
1,a,Hargrave,502,France,0,1,0,0,0,0,0,1,,,,
5,e,Mitchell,684,Spain,0,0,1,0,0,0,0,1,,,,
6,d,Chu,619,Spain,0,0,0,0,1,0,0,1,,,,
7,e,Bartlett,850,France,0,0,0,0,0,1,0,1,,,,
8,a,Obinna,645,Germany,0,1,1,0,1,1,0,1,,,,
10,e,H?,822,France,1,1,1,1,1,1,1,1,,,,
11,d,Bearce,376,France,0,0,0,0,0,0,0,0,,,,
1,e,Hargrave,684,France,1,0,0,0,0,0,0,0,,,,
2,f,Hill,645,Spain,0,0,0,1,0,0,0,0,,,,
3,h,Onio,822,France,0,0,0,0,0,0,1,0,,,,
4,i,Boni,376,France,1,0,0,1,0,0,1,0,,,,
3,a,Onio,684,France,0,1,0,0,0,0,0,1,,,,
10,b,H?,528,France,0,0,1,0,0,0,0,1,,,,
1,c,Hargrave,619,France,0,0,0,0,1,0,0,1,,,,
5,d,Mitchell,619,Spain,0,0,0,0,0,1,0,1,,,,
6,c,Chu,608,Spain,0,1,1,0,1,1,0,1,,,,
3,h,Onio,502,France,1,1,1,1,1,1,1,1,,,,
4,a,Boni,699,France,0,0,0,0,0,0,0,0,,,,
4,e,Boni,699,France,1,0,0,0,0,0,0,0,,,,
5,d,Mitchell,850,Spain,0,0,0,1,0,0,0,0,,,,
6,d,Chu,645,Spain,0,0,0,0,0,0,1,0,,,,
7,d,Bartlett,822,France,1,0,0,1,0,0,1,0,,,,
8,b,Bearce,376,Germany,0,1,0,0,0,0,0,1,,,,
10,c,Hargrave,684,France,0,0,1,0,0,0,0,1,,,,
5,d,Hill,528,Spain,0,0,0,0,1,0,0,1,,,,
6,c,Onio,619,Spain,0,0,0,0,0,1,0,1,,,,
7,h,Boni,608,France,0,1,1,0,1,1,0,1,,,,
8,a,Onio,502,Germany,1,1,1,1,1,1,1,1,,,,
10,e,H?,699,France,0,0,0,0,0,0,0,0,,,,
11,d,Hargrave,502,France,1,0,0,0,0,0,0,0,,,,
1,d,Mitchell,684,France,0,0,0,1,0,0,0,0,,,,
2,d,Chu,619,Spain,0,0,0,0,0,0,1,0,,,,
3,e,Onio,850,France,1,0,0,1,0,0,1,0,,,,
4,d,Boni,645,France,0,1,0,0,0,0,0,1,,,,
3,e,Onio,822,France,0,0,1,0,0,0,0,1,,,,
10,c,H?,376,France,0,0,0,0,1,0,0,1,,,,
1,a,Hargrave,684,France,0,0,0,0,0,1,0,1,,,,
5,a,Mitchell,608,Spain,0,1,1,0,1,1,0,1,,,,
6,e,Chu,502,Spain,1,1,1,1,1,1,1,1,,,,
3,d,Onio,699,France,0,0,0,0,0,0,0,0,,,,
4,e,Boni,619,France,1,0,0,0,0,0,0,0,,,,
4,f,Boni,608,France,0,0,0,1,0,0,0,0,,,,
5,h,Mitchell,502,Spain,0,0,0,0,0,0,1,0,,,,
6,i,Chu,699,Spain,1,0,0,1,0,0,1,0,,,,
7,a,Chu,699,France,0,1,0,0,0,0,0,1,,,,
8,b,Onio,850,Germany,0,0,1,0,0,0,0,1,,,,
10,c,Boni,645,France,0,0,0,0,1,0,0,1,,,,
1,d,Boni,822,France,0,0,0,0,0,1,0,1,,,,
2,c,Mitchell,376,Spain,0,1,1,0,1,1,0,1,,,,
3,h,Chu,684,France,1,1,1,1,1,1,1,1,,,,
4,a,Bartlett,528,France,0,0,0,0,0,0,0,0,,,,
4,e,Obinna,619,France,1,0,0,0,0,0,0,0,,,,
5,d,H?,608,Spain,0,0,0,1,0,0,0,0,,,,
6,d,Mitchell,502,Spain,0,0,0,0,0,0,1,0,,,,
7,d,Chu,699,France,1,0,0,1,0,0,1,0,,,,
8,b,Bartlett,502,Germany,0,1,0,0,0,0,0,1,,,,
10,c,Obinna,684,France,0,0,1,0,0,0,0,1,,,,
11,d,H?,619,France,0,0,0,0,1,0,0,1,,,,
1,c,Bearce,850,France,0,0,0,0,0,1,0,1,,,,
2,h,Hargrave,645,Spain,0,1,1,0,1,1,0,1,,,,
3,a,Bartlett,822,France,1,1,1,1,1,1,1,1,,,,
4,e,Obinna,376,France,0,0,0,0,0,0,0,0,,,,
3,d,H?,684,France,1,0,0,0,0,0,0,0,,,,
10,d,Mitchell,684,France,0,0,0,1,0,0,0,0,,,,
1,d,Chu,528,France,0,0,0,0,0,0,1,0,,,,
5,e,Bartlett,619,Spain,1,0,0,1,0,0,1,0,,,,
6,d,Obinna,608,Spain,0,1,0,0,0,0,0,1,,,,
7,e,H?,502,France,0,0,1,0,0,0,0,1,,,,
8,c,Bearce,699,Germany,0,0,0,0,1,0,0,1,,,,
10,h,Hargrave,502,France,0,0,0,0,0,1,0,1,,,,
11,i,Bearce,619,France,0,1,1,0,1,1,0,1,,,,
1,a,Hargrave,608,France,1,1,1,1,1,1,1,1,,,,
2,b,Hill,502,Spain,0,0,0,0,0,0,0,0,,,,
3,c,Onio,699,France,1,0,0,0,0,0,0,0,,,,
4,d,Boni,699,France,0,0,0,1,0,0,0,0,,,,
3,c,Onio,850,France,0,0,0,0,0,0,1,0,,,,
10,a,H?,645,France,1,0,0,1,0,0,1,0,,,,
1,e,Hargrave,822,France,0,1,0,0,0,0,0,1,,,,
5,d,Mitchell,376,Spain,0,0,1,0,0,0,0,1,,,,
6,e,Chu,684,Spain,0,0,0,0,1,0,0,1,,,,
1,f,Hargrave,528,France,0,0,0,0,0,1,0,1,,,,
2,h,Hill,619,Spain,0,1,1,0,1,1,0,1,,,,
3,i,Chu,608,France,1,1,1,1,1,1,1,1,,,,
4,a,Onio,502,France,0,0,0,0,0,0,0,0,,,,
3,b,Boni,699,France,1,0,0,0,0,0,0,0,,,,
10,c,Boni,502,France,0,0,0,1,0,0,0,0,,,,
1,d,Mitchell,684,France,0,0,0,0,0,0,1,0,,,,
5,c,Chu,619,Spain,1,0,0,1,0,0,1,0,,,,
6,h,Bartlett,850,Spain,0,1,0,0,0,0,0,1,,,,
7,a,Obinna,645,France,0,0,1,0,0,0,0,1,,,,
8,e,H?,822,Germany,0,0,0,0,1,0,0,1,,,,
10,d,Mitchell,376,France,0,0,0,0,0,1,0,1,,,,
11,d,Chu,684,France,0,1,1,0,1,1,0,1,,,,
1,d,Bartlett,684,France,1,1,1,1,1,1,1,1,,,,
2,b,Obinna,619,Spain,0,0,0,0,0,0,0,0,,,,
3,c,H?,502,France,1,0,0,0,0,0,0,0,,,,
4,d,Bearce,699,France,0,0,0,1,0,0,0,0,,,,
3,c,Hargrave,502,France,0,0,0,0,0,0,1,0,,,,
10,h,H?,684,France,1,0,0,1,0,0,1,0,,,,
1,a,Chu,619,France,0,1,0,0,0,0,0,1,,,,
5,e,Onio,850,Spain,0,0,1,0,0,0,0,1,,,,
6,d,Boni,645,Spain,0,0,0,0,1,0,0,1,,,,
3,d,Boni,502,France,0,0,0,0,0,1,0,1,,,,
4,d,Mitchell,699,France,0,1,1,0,1,1,0,1,,,,
4,e,Chu,699,France,1,1,1,1,1,1,1,1,,,,
5,d,Bartlett,850,Spain,0,0,0,0,0,0,0,0,,,,
6,e,Obinna,645,Spain,1,0,0,0,0,0,0,0,,,,
7,c,H?,822,France,0,0,0,1,0,0,0,0,,,,
8,f,Mitchell,376,Germany,0,0,0,0,0,0,1,0,,,,
10,h,Chu,684,France,1,0,0,1,0,0,1,0,,,,
5,e,Bartlett,850,Spain,0,1,0,0,0,0,0,1,,,,
6,d,Obinna,645,Spain,0,0,1,0,0,0,0,1,,,,
7,e,H?,822,France,0,0,0,0,1,0,0,1,,,,
8,f,Bearce,376,Germany,0,0,0,0,0,1,0,1,,,,
10,h,Hargrave,684,France,0,1,1,0,1,1,0,1,,,,
11,i,Bearce,528,France,1,1,1,1,1,1,1,1,,,,
1,a,Hargrave,619,France,0,0,0,0,0,0,0,0,,,,
2,a,Hill,608,Spain,1,0,0,0,0,0,0,0,,,,
3,e,Onio,502,France,0,0,0,1,0,0,0,0,,,,
4,d,Boni,699,France,0,0,0,0,0,0,1,0,,,,
3,e,Onio,502,France,1,0,0,1,0,0,1,0,,,,
10,f,H?,684,France,0,1,0,0,0,0,0,1,,,,
1,h,Hargrave,619,France,0,0,1,0,0,0,0,1,,,,
5,i,Mitchell,850,Spain,0,0,0,0,1,0,0,1,,,,
6,a,Chu,645,Spain,0,0,0,0,0,1,0,1,,,,
3,b,Onio,502,France,0,1,1,0,1,1,0,1,,,,
4,c,Boni,699,France,1,1,1,1,1,1,1,1,,,,
4,d,Boni,699,France,0,0,0,0,0,0,0,0,,,,
5,c,Mitchell,850,Spain,1,0,0,0,0,0,0,0,,,,
6,h,Chu,645,Spain,0,0,0,1,0,0,0,0,,,,
7,a,Bartlett,822,France,0,0,0,0,0,0,1,0,,,,
8,e,Obinna,376,Germany,1,0,0,1,0,0,1,0,,,,
10,d,H?,684,France,0,1,0,0,0,0,0,1,,,,
2,d,Hill,608,Spain,0,0,1,0,0,0,0,1,,,,
3,d,Onio,502,France,0,0,0,0,1,0,0,1,,,,
4,b,Boni,699,France,0,0,0,0,0,1,0,1,,,,
3,c,Onio,502,France,0,1,1,0,1,1,0,1,,,,
10,d,H?,684,France,1,1,1,1,1,1,1,1,,,,
1,c,Hargrave,619,France,0,0,0,0,0,0,0,0,,,,
5,h,Mitchell,850,Spain,1,0,0,0,0,0,0,0,,,,
6,a,Chu,645,Spain,0,0,0,1,0,0,0,0,,,,
7,e,Bartlett,822,France,0,0,0,0,0,0,1,0,,,,
8,d,Chu,376,Germany,1,0,0,1,0,0,1,0,,,,
10,d,Onio,684,France,0,1,0,0,0,0,0,1,,,,
11,d,Boni,528,France,0,0,1,0,0,0,0,1,,,,
1,e,Boni,619,France,0,0,0,0,1,0,0,1,,,,
2,d,Mitchell,608,Spain,0,0,0,0,0,1,0,1,,,,
3,e,Chu,502,France,0,1,1,0,1,1,0,1,,,,
4,c,Bartlett,699,France,1,1,1,1,1,1,1,1,,,,
3,c,Obinna,502,France,0,0,0,0,0,0,0,0,,,,
10,h,H?,684,France,1,0,0,0,0,0,0,0,,,,
1,a,Mitchell,619,France,0,0,0,1,0,0,0,0,,,,
5,e,Chu,850,Spain,0,0,0,0,0,0,1,0,,,,
6,d,Bartlett,645,Spain,1,0,0,1,0,0,1,0,,,,
3,c,Obinna,502,France,0,1,0,0,0,0,0,1,,,,
4,d,H?,699,France,0,0,1,0,0,0,0,1,,,,
4,d,Bearce,699,France,0,0,0,0,1,0,0,1,,,,
5,a,Hargrave,850,Spain,0,0,0,0,0,1,0,1,,,,
6,e,H?,645,Spain,0,1,1,0,1,1,0,1,,,,
7,d,Mitchell,822,France,1,1,1,1,1,1,1,1,,,,
8,e,Chu,376,Germany,0,0,0,0,0,0,0,0,,,,
10,f,Bartlett,684,France,1,0,0,0,0,0,0,0,,,,
5,h,Obinna,850,Spain,0,0,0,1,0,0,0,0,,,,
6,i,H?,645,Spain,0,0,0,0,0,0,1,0,,,,
7,a,Bearce,822,France,1,0,0,1,0,0,1,0,,,,
8,b,Hargrave,376,Germany,0,1,0,0,0,0,0,1,,,,
10,c,Mitchell,684,France,0,0,1,0,0,0,0,1,,,,
11,d,Chu,528,France,0,0,0,0,1,0,0,1,,,,
1,c,Bartlett,619,France,0,0,0,0,0,1,0,1,,,,
2,h,Obinna,608,Spain,0,1,1,0,1,1,0,1,,,,
3,a,H?,502,France,1,1,1,1,1,1,1,1,,,,
4,e,Mitchell,699,France,0,0,0,0,0,0,0,0,,,,
3,d,Chu,502,France,1,0,0,0,0,0,0,0,,,,
10,d,Bartlett,684,France,0,0,0,1,0,0,0,0,,,,
1,d,Obinna,619,France,0,0,0,0,0,0,1,0,,,,
5,b,H?,850,Spain,1,0,0,1,0,0,1,0,,,,
6,c,Bearce,645,Spain,0,1,0,0,0,0,0,1,,,,
3,d,Hargrave,502,France,0,0,1,0,0,0,0,1,,,,
4,c,Boni,699,France,0,0,0,0,1,0,0,1,,,,
2,h,Hill,608,Spain,0,0,0,0,0,1,0,1,,,,
3,a,Onio,502,France,0,1,1,0,1,1,0,1,,,,
4,e,Boni,699,France,1,1,1,1,1,1,1,1,,,,
3,d,Onio,502,France,0,0,0,0,0,0,0,0,,,,
10,d,H?,684,France,1,0,0,0,0,0,0,0,,,,
1,d,Hargrave,619,France,0,0,0,1,0,0,0,0,,,,
5,e,Mitchell,850,Spain,0,0,0,0,0,0,1,0,,,,
6,d,Chu,645,Spain,1,0,0,1,0,0,1,0,,,,
7,e,Bartlett,822,France,0,1,0,0,0,0,0,1,,,,
8,c,Obinna,376,Germany,0,0,1,0,0,0,0,1,,,,
10,h,H?,684,France,0,0,0,0,1,0,0,1,,,,
11,i,Bearce,528,France,0,0,0,0,0,1,0,1,,,,
1,a,Hargrave,619,France,0,1,1,0,1,1,0,1,,,,
2,b,Hill,608,Spain,1,1,1,1,1,1,1,1,,,,
3,c,Onio,502,France,0,0,0,0,0,0,0,0,,,,
4,d,Boni,699,France,1,0,0,0,0,0,0,0,,,,
3,a,Onio,502,France,0,0,0,1,0,0,0,0,,,,
10,e,H?,684,France,0,0,0,0,0,0,1,0,,,,
1,d,Hargrave,619,France,1,0,0,1,0,0,1,0,,,,
5,e,Mitchell,850,Spain,0,1,0,0,0,0,0,1,,,,
6,f,Chu,645,Spain,0,0,1,0,0,0,0,1,,,,
3,h,Onio,502,France,0,0,0,0,1,0,0,1,,,,
4,i,Boni,699,France,0,0,0,0,0,1,0,1,,,,
4,a,Boni,699,France,0,1,1,0,1,1,0,1,,,,
5,b,Mitchell,850,Spain,1,1,1,1,1,1,1,1,,,,
6,c,Chu,645,Spain,0,0,0,0,0,0,0,0,,,,
7,d,Bartlett,822,France,1,0,0,0,0,0,0,0,,,,
8,c,Obinna,376,Germany,0,0,0,1,0,0,0,0,,,,
10,h,H?,684,France,0,0,0,0,0,0,1,0,,,,
5,a,Mitchell,850,Spain,1,0,0,1,0,0,1,0,,,,
6,e,Chu,645,Spain,0,1,0,0,0,0,0,1,,,,
7,d,Bartlett,822,France,0,0,1,0,0,0,0,1,,,,
8,d,Obinna,376,Germany,0,0,0,0,1,0,0,1,,,,
10,d,H?,684,France,0,0,0,0,0,1,0,1,,,,
11,b,Bearce,528,France,0,1,1,0,1,1,0,1,,,,
1,c,Hargrave,619,France,1,1,1,1,1,1,1,1,,,,
2,d,Hill,608,Spain,0,0,0,0,0,0,0,0,,,,
3,c,Onio,502,France,1,0,0,0,0,0,0,0,,,,
4,h,Boni,699,France,0,0,0,1,0,0,0,0,,,,
3,a,Onio,502,France,0,0,0,0,0,0,1,0,,,,
10,e,H?,684,France,1,0,0,1,0,0,1,0,,,,
1,d,Hargrave,619,France,0,1,0,0,0,0,0,1,,,,
5,d,Mitchell,850,Spain,0,0,1,0,0,0,0,1,,,,
6,d,Chu,645,Spain,0,0,0,0,1,0,0,1,,,,
3,e,Onio,502,France,0,0,0,0,0,1,0,1,,,,
4,d,Boni,699,France,0,1,1,0,1,1,0,1,,,,
6,e,Chu,645,Spain,1,1,1,1,1,1,1,1,,,,
3,c,Onio,502,France,0,0,0,0,0,0,0,0,,,,
4,d,Boni,699,France,1,0,0,0,0,0,0,0,,,,
4,d,Boni,699,France,0,0,0,1,0,0,0,0,,,,
5,e,Mitchell,850,Spain,0,0,0,0,0,0,1,0,,,,
6,d,Chu,645,Spain,1,0,0,1,0,0,1,0,,,,
7,e,Bartlett,822,France,0,1,0,0,0,0,0,1,,,,
8,f,Obinna,376,Germany,0,0,1,0,0,0,0,1,,,,
10,h,H?,684,France,0,0,0,0,1,0,0,1,,,,
2,b,Hill,608,Spain,0,0,0,0,0,1,0,1,,,,
3,c,Onio,502,France,0,1,1,0,1,1,0,1,,,,
4,d,Boni,699,France,1,1,1,1,1,1,1,1,,,,
3,a,Onio,502,France,0,0,0,0,0,0,0,0,,,,
10,e,Onio,684,France,1,0,0,0,0,0,0,0,,,,
1,d,Boni,619,France,0,0,0,1,0,0,0,0,,,,
5,e,Chu,850,Spain,0,0,0,0,0,0,1,0,,,,
6,f,Onio,645,Spain,1,0,0,1,0,0,1,0,,,,
7,h,Boni,822,France,0,1,0,0,0,0,0,1,,,,
8,i,Boni,376,Germany,0,0,1,0,0,0,0,1,,,,
10,a,Mitchell,684,France,0,0,0,0,1,0,0,1,,,,
11,b,Chu,528,France,0,0,0,0,0,1,0,1,,,,
1,c,Bartlett,619,France,0,1,1,0,1,1,0,1,,,,
2,d,Obinna,608,Spain,1,1,1,1,1,1,1,1,,,,
3,c,H?,502,France,0,0,0,0,0,0,0,0,,,,
4,h,Hill,699,France,1,0,0,0,0,0,0,0,,,,
3,a,Onio,502,France,0,0,0,1,0,0,0,0,,,,
10,e,Boni,684,France,0,0,0,0,0,0,1,0,,,,
1,d,Onio,619,France,1,0,0,1,0,0,1,0,,,,
5,d,H?,850,Spain,0,1,0,0,0,0,0,1,,,,
6,d,Hargrave,645,Spain,0,0,1,0,0,0,0,1,,,,
3,b,Mitchell,502,France,0,0,0,0,1,0,0,1,,,,
4,c,Chu,699,France,0,0,0,0,0,1,0,1,,,,
1,d,Bartlett,619,France,0,1,1,0,1,1,0,1,,,,
2,c,Onio,608,Spain,1,1,1,1,1,1,1,1,,,,
3,h,Boni,502,France,0,0,0,0,0,0,0,0,,,,
4,a,Onio,699,France,1,0,0,0,0,0,0,0,,,,
3,e,H?,502,France,0,0,0,1,0,0,0,0,,,,
10,d,Hargrave,684,France,0,0,0,0,0,0,1,0,,,,
1,d,Mitchell,619,France,1,0,0,1,0,0,1,0,,,,
5,d,Chu,850,Spain,0,1,0,0,0,0,0,1,,,,
6,e,Onio,645,Spain,0,0,1,0,0,0,0,1,,,,
3,d,Boni,502,France,0,0,0,0,1,0,0,1,,,,
4,e,Chu,699,France,0,0,0,0,0,1,0,1,,,,
6,c,Onio,645,Spain,0,1,1,0,1,1,0,1,,,,
3,c,Onio,502,France,1,1,1,1,1,1,1,1,,,,
4,d,Boni,699,France,0,0,0,0,0,0,0,0,,,,
4,d,Boni,699,France,1,0,0,0,0,0,0,0,,,,
5,e,Mitchell,850,Spain,0,0,0,1,0,0,0,0,,,,
6,d,Chu,645,Spain,0,0,0,0,0,0,1,0,,,,
7,e,Bartlett,822,France,1,0,0,1,0,0,1,0,,,,
8,a,Obinna,376,Germany,0,1,0,0,0,0,0,1,,,,
10,e,Chu,684,France,0,0,1,0,0,0,0,1,,,,
2,d,Bartlett,608,Spain,0,0,0,0,1,0,0,1,,,,
3,e,Obinna,502,France,0,0,0,0,0,1,0,1,,,,
4,f,H?,699,France,0,1,1,0,1,1,0,1,,,,
3,h,Bearce,502,France,1,1,1,1,1,1,1,1,,,,
10,i,Hargrave,684,France,0,0,0,0,0,0,0,0,,,,
1,a,Hill,619,France,1,0,0,0,0,0,0,0,,,,
5,b,Onio,850,Spain,0,0,0,1,0,0,0,0,,,,
6,c,Boni,645,Spain,0,0,0,0,0,0,1,0,,,,
7,d,Onio,822,France,1,0,0,1,0,0,1,0,,,,
8,c,H?,376,Germany,0,1,0,0,0,0,0,1,,,,
10,h,Hargrave,684,France,0,0,1,0,0,0,0,1,,,,
11,a,Mitchell,528,France,0,0,0,0,1,0,0,1,,,,
1,e,Chu,619,France,0,0,0,0,0,1,0,1,,,,
2,d,Onio,608,Spain,0,1,1,0,1,1,0,1,,,,
3,d,Boni,502,France,1,1,1,1,1,1,1,1,,,,
4,d,Hargrave,699,France,0,0,0,0,0,0,0,0,,,,
3,b,Hill,502,France,1,0,0,0,0,0,0,0,,,,
10,c,Onio,684,France,0,0,0,1,0,0,0,0,,,,
1,d,Boni,619,France,0,0,0,0,0,0,1,0,,,,
5,c,Onio,850,Spain,1,0,0,1,0,0,1,0,,,,
6,h,H?,645,Spain,0,1,0,0,0,0,0,1,,,,
3,a,Hargrave,502,France,0,0,1,0,0,0,0,1,,,,
4,e,Mitchell,699,France,0,0,0,0,1,0,0,1,,,,
1,d,Chu,619,France,0,0,0,0,0,1,0,1,,,,
2,d,Onio,608,Spain,0,1,1,0,1,1,0,1,,,,
3,d,Boni,502,France,1,1,1,1,1,1,1,1,,,,
4,e,Chu,699,France,0,0,0,0,0,0,0,0,,,,
3,d,Onio,502,France,1,0,0,0,0,0,0,0,,,,
10,e,Boni,684,France,0,0,0,1,0,0,0,0,,,,
1,c,Boni,619,France,0,0,0,0,0,0,1,0,,,,
5,e,Mitchell,850,Spain,1,0,0,1,0,0,1,0,,,,
6,d,Chu,645,Spain,0,1,0,0,0,0,0,1,,,,
3,c,Bartlett,502,France,0,0,1,0,0,0,0,1,,,,
4,d,Obinna,699,France,0,0,0,0,1,0,0,1,,,,
6,a,H?,645,Spain,0,0,0,0,0,1,0,1,,,,
3,e,Hill,502,France,0,1,1,0,1,1,0,1,,,,
4,d,Onio,699,France,1,1,1,1,1,1,1,1,,,,
4,e,Boni,699,France,0,0,0,0,0,0,0,0,,,,
5,f,Onio,850,Spain,1,0,0,0,0,0,0,0,,,,
6,h,H?,645,Spain,0,0,0,1,0,0,0,0,,,,
7,i,Onio,822,France,0,0,0,0,0,0,1,0,,,,
8,a,Hill,376,Germany,1,0,0,1,0,0,1,0,,,,
10,b,H?,684,France,0,1,0,0,0,0,0,1,,,,
2,c,Onio,608,Spain,0,0,1,0,0,0,0,1,,,,
3,d,Bearce,502,France,0,0,0,0,1,0,0,1,,,,
4,c,Chu,699,France,0,0,0,0,0,1,0,1,,,,
3,h,Boni,502,France,0,1,1,0,1,1,0,1,,,,
10,a,Onio,684,France,1,1,1,1,1,1,1,1,,,,
3,e,H?,502,Russia,1,0,0,1,0,0,1,1,,,,
2,d,Hargrave,608,Russia,0,0,0,0,0,0,1,0,,,,
10,d,Mitchell,684,Russia,0,0,0,0,1,0,0,1,,,,
3,d,Bartlett,502,Russia,1,0,0,1,0,0,1,1,,,,
11,b,Hargrave,528,Russia,1,0,0,0,0,0,0,1,,,,
6,c,Mitchell,645,Russia,1,0,0,1,0,0,1,1,,,,
4,d,Chu,699,Russia,0,0,1,0,0,0,0,1,,,,
3,c,Bartlett,502,Russia,0,0,0,0,1,0,0,1,,,,
10,h,Obinna,684,Russia,0,0,0,0,0,1,0,1,,,,
1,a,Onio,619,Russia,0,1,1,0,1,1,0,1,,,,
5,e,H?,850,Russia,1,1,1,1,1,1,1,1,,,,
7,d,Hargrave,822,Russia,0,1,0,0,0,0,0,1,,,,
1,d,Mitchell,619,Russia,1,0,0,1,0,0,1,1,,,,
5,d,Hargrave,850,Russia,0,1,0,0,0,0,0,1,,,,
6,e,Onio,645,Russia,0,0,1,0,0,0,0,1,,,,
7,d,Boni,822,Russia,0,0,0,0,1,0,0,1,,,,
8,e,Obinna,376,Russia,0,0,0,0,0,1,0,1,,,,
3,c,Hargrave,502,Russia,0,0,0,1,0,0,0,1,,,,
10,h,Mitchell,684,Russia,0,0,0,0,0,0,1,0,,,,
1,a,Chu,619,Russia,1,0,0,1,0,0,1,1,,,,
5,e,Onio,850,Russia,0,1,0,0,0,0,0,1,,,,
1,a,Boni,619,Russia,0,0,1,0,0,0,0,1,,,,
3,e,Boni,502,Russia,0,1,1,0,1,1,0,1,,,,
4,d,Mitchell,699,Russia,1,1,1,1,1,1,1,1,,,,
8,e,Chu,376,Russia,1,0,0,1,0,0,1,1,,,,
1,f,Bartlett,619,Russia,0,0,0,0,1,0,0,1,,,,
5,h,Obinna,850,Russia,0,0,0,0,0,1,0,1,,,,
6,i,H?,645,Russia,0,1,1,0,1,1,0,1,,,,
3,a,Bearce,502,Russia,1,1,1,1,1,1,1,1,,,,
4,b,Boni,699,Russia,0,0,0,0,0,0,0,1,,,,
4,c,Boni,699,Russia,1,0,0,0,0,0,0,1,,,,
5,d,Mitchell,850,Russia,0,0,0,1,0,0,0,1,,,,
6,c,Chu,645,Russia,0,0,0,0,0,0,1,0,,,,
7,h,Bartlett,822,Russia,1,0,0,1,0,0,1,1,,,,
8,a,Obinna,376,Russia,0,1,0,0,0,0,0,1,,,,
10,e,H?,684,Russia,0,0,1,0,0,0,0,1,,,,
11,d,Bearce,528,Russia,0,0,0,0,1,0,0,1,,,,
